QYEAR,NEWID,SEQNO,ALCNO,REC_ORIG,PROP_NOG,PROP0NOG,OWNYG,OWNYG_,NEWMRTG,NEWMRTG_,ORGMRTG,ORGMRTG_,QMRTTRMG,QMRT_RMG,MRTPMTG,MRTPMTG_,PAYPRTXG,PAYP_TXG,PAYPRING,PAYP_ING,PAYMRING,PAYM_ING,PAYOTHRG,PAYO_HRG,QESCROWG,QESC_OWG,QPRINM1G,QPRI_M1G,QPRINM2G,QPRI_M2G,QPRINM3G,QPRI_M3G,QADINT1G,QADI_T1G,QADINT2G,QADI_T2G,QADINT3G,QADI_T3G,QRFINDTG,QRFI_DTG,FRSTPYMG,FRST_YMG,FRSTPYRG,FRST_YRG,FIXDRTEG,FIXD_TEG,QNEWDATG,QNEW_ATG,QBLNCM1G,QBLN_M1G,QBLNCM2G,QBLN_M2G,QBLNCM3G,QBLN_M3G,LOAN_NOG,LOAN0NOG,VARRTEG,VARRTEG_,INTONLYG,INTO_LYG,OTHRTEG,OTHRTEG_,PAYMT1G,PAYMT1G_,PAYMT2G,PAYMT2G_,PAYMT3G,PAYMT3G_,PAYPRNPG,PAYP_NPG,PAYINTG,PAYINTG_
20222,04819874,17,0,5,01,D,100,D,.0472,D,22000,D,5,D,468,D,,B,,B,,B,,B,56,D,368,D,369,D,370,D,44,D,43,D,42,D,,A,06,D,2019,D,1,D,,A,11292,D,10924,D,10555,D,01,D,,A,,A,,A,,A,,A,,A,1,D,2,D
20222,04819904,18,0,5,01,D,100,D,.0400,D,150000,D,10,D,1519,D,,A,,A,,A,,A,0,D,0,D,0,D,0,D,0,D,0,D,0,D,,A,11,D,2016,D,2,D,,A,79971,D,78719,D,77463,D,01,D,1,D,,A,,A,0,D,0,D,0,D,1,D,2,D
20222,04821254,26,0,5,01,D,100,D,.0420,F,77000,F,15,F,1000,F,,B,,B,,B,,B,423,F,343,F,344,F,345,F,234,F,233,F,232,F,,A,06,F,2019,F,1,F,,A,66950,F,66607,F,66263,F,01,D,,C,,C,,C,,A,,A,,A,,C,,A
20222,04823094,18,0,5,01,D,100,D,.0472,D,30000,D,15,D,600,D,,B,,B,,B,,B,367,D,0,D,0,D,0,D,233,D,233,D,233,D,,A,06,D,2019,D,1,D,,A,30000,D,30000,D,30000,D,01,D,,A,,A,,A,,A,,A,,A,,A,2,D
20222,04823304,23,0,5,01,D,100,D,.0371,D,30000,D,3,D,973,D,,B,,B,,B,,B,91,D,819,D,822,D,824,D,63,D,60,D,58,D,,A,01,D,2021,D,1,D,,A,20366,D,19547,D,18726,D,01,D,,A,,A,,A,,A,,A,,A,1,D,2,D
20222,04825724,25,0,5,01,D,100,D,.0371,D,100000,D,15,D,1435,D,,B,,B,,B,,B,710,D,0,D,0,D,0,D,725,D,725,D,725,D,,A,02,D,2021,D,1,D,,A,100000,D,100000,D,100000,D,01,D,,A,,A,,A,,A,,A,,A,,A,2,D
20222,04825754,16,0,5,01,D,100,D,.0400,D,377000,D,1,D,1800,D,,B,,B,,B,,B,0,D,612,D,614,D,616,D,1188,D,1185,D,1183,D,,A,12,D,2018,D,1,D,,A,355648,D,355034,D,354417,D,01,D,,A,,A,,A,,A,,A,,A,1,D,2,D
20222,04825794,31,0,5,01,D,100,D,.0400,F,377000,F,1,F,1800,F,,B,,B,,B,,B,0,F,612,F,614,F,616,F,1188,F,1185,F,1183,F,,A,12,F,2018,F,1,F,,A,355648,F,355034,F,354417,F,01,D,,A,,A,,A,,A,,A,,A,1,D,2,D
20222,04829854,28,0,5,01,D,100,D,.0450,D,50000,D,15,D,382,D,,A,,A,,A,,A,0,D,114,D,115,D,115,D,86,D,85,D,85,D,,A,08,D,2019,D,2,D,,A,43821,D,43602,D,43383,D,01,D,1,D,,A,,A,300,D,200,D,200,D,1,D,2,D
20222,04829934,17,0,5,01,D,100,D,.0430,D,55000,D,15,D,427,D,,B,,B,,B,,B,12,D,222,D,223,D,223,D,193,D,192,D,192,D,,A,09,D,2021,D,1,D,,A,53903,D,53681,D,53458,D,01,D,,A,,A,,A,,A,,A,,A,1,D,2,D
20222,04833034,15,0,5,01,D,100,D,.0500,D,50000,D,20,D,330,D,,A,,A,,A,,A,0,D,124,D,125,D,125,D,206,D,205,D,205,D,,A,09,D,2021,D,1,D,,A,49387,D,49262,D,49138,D,01,D,,A,,A,,A,,A,,A,,A,1,D,2,D
20222,04833224,16,0,5,01,D,100,D,.0371,F,74000,F,15,F,537,F,,A,,A,,A,,A,0,F,314,F,315,F,316,F,223,F,222,F,221,F,,A,08,F,2021,F,1,F,,A,72136,F,71822,F,71507,F,01,D,,A,,A,,A,,A,,A,,A,1,D,2,D
20222,04834084,37,0,5,01,D,100,D,.0475,D,12399,D,10,D,130,D,,A,,A,,A,,A,0,D,103,D,103,D,104,D,27,D,27,D,26,D,,A,01,D,2017,D,1,D,,A,6828,D,6725,D,6622,D,01,D,,A,,A,,A,,A,,A,,A,1,D,2,D
20222,04841334,48,0,5,01,D,100,D,.0525,D,50000,D,5,D,536,D,,A,,A,,A,,A,0,D,320,D,322,D,323,D,217,D,215,D,214,D,,A,01,D,2022,D,1,D,,A,49044,D,48722,D,48399,D,01,D,,A,,A,,A,,A,,A,,A,1,D,2,D
20222,04842154,26,0,5,01,D,100,D,.0450,D,109000,D,10,D,1130,D,,A,,A,,A,,A,0,D,,A,721,D,724,D,,A,409,D,406,D,,A,04,D,2022,D,1,D,,A,,A,109000,D,108279,D,01,D,,A,,A,,A,,A,,A,,A,1,D,2,D
20222,04842484,28,0,5,01,D,100,D,.0371,D,230000,D,15,D,1700,D,,B,,B,,B,,B,32,D,996,D,999,D,1002,D,672,D,669,D,666,D,,A,02,D,2021,D,1,D,,A,217327,D,216331,D,215331,D,01,D,,A,,A,,A,,A,,A,,A,1,D,2,D
20222,04842484,29,0,5,02,D,400,D,.0490,F,,V,10,F,53,F,,A,,A,,A,,A,0,F,,V,,V,,V,76,F,75,F,75,F,,A,11,F,2021,F,2,F,,A,4902,F,4870,F,4837,F,01,D,,A,,A,,A,,V,,V,,V,1,D,2,D
20222,04842714,25,0,5,01,D,100,D,.0371,D,32000,D,15,D,377,D,,B,,B,,B,,B,145,D,136,D,136,D,137,D,96,D,96,D,95,D,,A,08,D,2021,D,1,D,,A,31060,D,30924,D,30787,D,01,D,,A,,A,,A,,A,,A,,A,1,D,2,D
20222,04845584,23,0,5,01,D,200,D,.0371,D,53000,D,8,D,639,D,,A,,A,,A,,A,0,D,493,D,495,D,496,D,146,D,144,D,143,D,,A,03,D,2021,D,1,D,,A,47200,D,46707,D,46213,D,01,D,,A,,A,,A,,A,,A,,A,1,D,2,D
20222,04898814,13,0,5,01,D,100,D,.0420,D,77000,D,15,D,1000,D,,B,,B,,B,,B,423,D,343,D,344,D,345,D,234,D,233,D,232,D,,A,06,D,2019,D,1,D,,A,66950,D,66607,D,66263,D,01,D,,A,,A,,A,,A,,A,,A,,C,,A
20222,04898873,11,0,5,01,D,100,D,.0371,D,32000,D,10,D,500,D,,B,,B,,B,,B,180,D,222,D,223,D,224,D,98,D,97,D,96,D,,A,11,D,2021,D,1,D,,A,31557,D,31335,D,31112,D,01,D,,A,,A,,A,,A,,A,,A,1,D,2,D
20222,04899313,23,0,5,01,D,100,D,.0371,D,45057,D,10,D,450,D,,A,,A,,A,,A,0,D,322,D,323,D,324,D,128,D,127,D,126,D,,A,01,D,2021,D,1,D,,A,41265,D,40942,D,40619,D,01,D,,A,,A,,A,,A,,A,,A,1,D,2,D
20222,04904173,18,0,5,01,D,100,D,.0386,D,50000,D,15,D,722,D,,B,,B,,B,,B,356,D,217,D,218,D,219,D,149,D,148,D,147,D,,A,07,D,2020,D,1,D,,A,46204,D,45987,D,45769,D,01,D,,A,,A,,A,,A,,A,,A,,C,,A
20222,04904863,19,0,5,01,D,100,D,.0492,D,43000,D,15,D,355,D,,B,,B,,B,,B,17,D,230,D,231,D,232,D,108,D,107,D,106,D,,A,11,D,2014,D,1,D,,A,26367,D,26137,D,25906,D,01,D,,A,,A,,A,,A,,A,,A,1,D,2,D
20222,04905933,22,0,5,01,D,100,D,.0371,D,40000,D,20,D,288,D,,B,,B,,B,,B,52,D,113,D,113,D,113,D,123,D,123,D,123,D,,A,12,D,2021,D,1,D,,A,39888,D,39775,D,39662,D,01,D,,A,,A,,A,,A,,A,,A,1,D,2,D
20222,04906243,11,0,1,01,D,100,D,.0386,F,50000,F,15,F,722,F,,B,,B,,B,,B,356,F,217,F,218,F,219,F,149,F,148,F,147,F,,A,07,F,2020,F,1,F,,A,46204,F,45987,F,45769,F,01,D,,A,2,D,,A,,A,,A,,A,,C,,A
20222,04907563,21,0,5,01,D,100,D,.0529,F,35255,F,5,F,670,F,,A,,A,,A,,A,0,F,614,F,616,F,619,F,56,F,54,F,51,F,,A,10,F,2018,F,1,F,,A,12799,F,12186,F,11569,F,01,D,,A,,A,,A,,A,,A,,A,1,D,2,D
20222,04908333,18,0,5,01,D,100,D,.0529,F,129233,F,5,F,2456,F,,A,,A,,A,,A,0,F,2300,V,2310,V,2160,V,106,F,95,F,85,F,,A,01,F,2018,F,1,F,,A,23974,F,21624,F,19263,F,01,D,,A,,A,,A,,A,,A,,A,1,D,2,D
20222,04909053,19,0,5,01,D,100,D,.0425,D,175000,D,10,D,1793,D,3,D,4,D,5,D,,A,0,D,1286,D,1291,D,1295,D,507,D,502,D,498,D,,A,12,D,2019,D,1,D,,A,143107,D,141821,D,140530,D,01,D,,A,,A,,A,,A,,A,,A,1,D,2,D
20222,04913303,22,0,5,01,D,100,D,.0524,F,60000,F,10,F,804,F,,B,,B,,B,,B,161,F,515,F,517,F,519,F,128,F,126,F,124,F,,A,06,F,2016,F,1,F,,A,29398,F,28884,F,28367,F,01,D,1,D,,A,,A,,A,,A,,A,1,D,2,D
20222,04914653,24,0,5,01,D,100,D,.0490,D,25000,D,10,D,264,D,,A,,A,,A,,A,0,D,,A,,A,,A,,A,,A,,A,,A,11,D,2021,D,2,D,,A,24512,D,24349,D,24184,D,01,D,1,D,,A,,A,,C,,C,,C,1,D,2,D
20222,04914653,25,0,5,02,D,400,D,.0490,D,,T,10,D,53,D,,A,,A,,A,,A,0,D,,T,,T,,T,76,D,75,D,75,D,,A,11,D,2021,D,2,D,,A,4902,D,4870,D,4837,D,01,D,1,D,,A,,A,,T,,T,,T,1,D,2,D
20222,04925623,10,0,5,01,D,100,D,.0371,F,63152,F,15,F,458,F,,A,,A,,A,,A,0,F,266,F,267,F,268,F,192,F,191,F,190,F,,A,09,F,2021,F,1,F,,A,62096,F,61830,F,61563,F,01,D,,A,,A,,A,,A,,A,,A,1,D,2,D
20222,04925753,15,0,1,01,D,100,D,.0371,D,42055,D,15,D,305,D,,A,,A,,A,,A,0,D,180,D,180,D,181,D,125,D,125,D,124,D,,A,06,D,2021,D,1,D,,A,40461,D,40281,D,40100,D,01,D,,A,,A,,A,,A,,A,,A,1,D,2,D
20222,04929123,51,0,5,01,D,100,D,.0529,D,129233,D,5,D,2456,D,,A,,A,,A,,A,0,D,2300,T,2310,T,2160,T,106,D,95,D,85,D,,A,01,D,2018,D,1,D,,A,23974,D,21624,D,19263,D,01,D,,A,,A,,A,,A,,A,,A,1,D,2,D
20222,04929413,25,0,5,01,D,100,D,.0371,F,30000,F,3,F,973,F,,B,,B,,B,,B,91,F,819,F,822,F,824,F,63,F,60,F,58,F,,A,01,F,2021,F,1,F,,A,20366,F,19547,F,18726,F,01,D,,A,,A,,A,,A,,A,,A,1,D,2,D
20222,04931552,19,0,5,01,D,100,D,.0371,D,63152,D,15,D,458,D,,A,,A,,A,,A,0,D,266,D,267,D,268,D,192,D,191,D,190,D,,A,09,D,2021,D,1,D,,A,62096,D,61830,D,61563,D,01,D,,A,,A,,A,,A,,A,,A,1,D,2,D
20222,04932092,14,0,5,01,D,100,D,.0433,D,25000,D,15,D,538,D,,B,,B,,B,,B,349,D,120,D,121,D,121,D,69,D,68,D,68,D,,A,06,D,2017,D,1,D,,A,19002,D,18881,D,18760,D,01,D,,A,,A,,A,,A,,A,,A,1,D,2,D
20222,04934542,26,0,5,01,D,100,D,.0500,D,30000,D,15,D,400,D,,B,,B,,B,,B,163,D,132,D,132,D,133,D,105,D,105,D,104,D,,A,10,D,2018,D,1,D,,A,25268,D,25136,D,25004,D,01,D,,A,,A,,A,,A,,A,,A,1,D,2,D
20222,04936202,20,0,5,01,D,100,D,.0371,D,45000,D,15,D,326,D,,A,,A,,A,,A,0,D,191,D,192,D,192,D,135,D,134,D,134,D,,A,06,D,2021,D,1,D,,A,43680,D,43489,D,43297,D,01,D,,A,,A,,A,,A,,A,,A,1,D,2,D
20222,04938222,23,0,5,01,D,100,D,.0371,F,74000,F,15,F,537,F,,A,,A,,A,,A,0,F,314,F,315,F,316,F,223,F,222,F,221,F,,A,08,F,2021,F,1,F,,A,72136,F,71822,F,71507,F,01,D,,A,,A,,A,,A,,A,,A,1,D,2,D
20222,04938462,24,0,5,01,D,100,D,.0371,F,74000,F,15,F,537,F,,A,,A,,A,,A,0,F,314,F,315,F,316,F,223,F,222,F,221,F,,A,08,F,2021,F,1,F,,A,72136,F,71822,F,71507,F,01,D,,A,,A,,A,,A,,A,,A,1,D,2,D
20222,04947122,19,0,1,01,D,100,D,.0529,D,35255,D,5,D,670,D,,A,,A,,A,,A,0,D,614,D,616,D,619,D,56,D,54,D,51,D,,A,10,D,2018,D,1,D,,A,12799,D,12186,D,11569,D,01,D,,A,,A,,A,,A,,A,,A,1,D,2,D
20222,04947822,12,0,1,01,D,100,D,.0371,D,175000,D,15,D,1269,D,3,D,4,D,,A,,A,0,D,1068,D,1072,D,1075,D,732,D,728,D,725,D,,A,03,D,2021,D,2,D,,A,166866,D,166112,D,165357,D,01,D,,A,2,D,,A,1800,D,1800,D,1800,D,1,D,2,D
20222,04949392,20,0,5,01,D,100,D,.0371,D,225000,D,19,D,1400,D,,B,,B,,B,,B,23,D,0,D,0,D,0,D,1377,D,1377,D,1377,D,,A,06,D,2021,D,1,D,,A,225000,D,225000,D,225000,D,01,D,,A,,A,,A,,A,,A,,A,,A,2,D
20222,04951282,24,0,5,01,D,100,D,.0440,D,480500,T,10,D,4252,T,,A,,A,,A,,A,0,D,0,D,0,D,0,D,880,D,880,D,880,D,,A,10,D,2016,D,2,D,,A,473058,T,472092,T,471123,T,01,D,1,D,2,D,,A,880,D,880,D,880,D,,A,2,D
20222,04951662,21,0,5,01,D,100,D,.0386,D,24737,D,5,D,454,D,,A,,A,,A,,A,0,D,404,D,406,D,407,D,50,D,48,D,47,D,,A,02,D,2020,D,1,D,,A,15410,D,15006,D,14600,D,01,D,,A,,A,,A,,A,,A,,A,1,D,2,D
20222,04954502,10,0,1,01,D,100,D,.0450,D,185000,D,14,D,1500,D,,B,,B,,B,,B,14,D,857,D,860,D,863,D,629,D,626,D,623,D,,A,06,D,2020,D,1,D,,A,167724,D,166867,D,166006,D,01,D,,A,,A,,A,,A,,A,,A,1,D,2,D
20222,04954712,15,0,5,01,D,100,D,.0371,D,95000,D,10,D,949,D,,A,,A,,A,,A,0,D,0,D,0,D,0,D,0,D,0,D,0,D,,A,10,D,2021,D,2,D,,A,91704,D,91039,D,90372,D,01,D,1,D,,A,,A,0,D,0,D,0,D,1,D,2,D
20222,04956932,41,0,5,01,D,100,D,.0445,D,45000,D,15,D,343,D,,A,,A,,A,,A,0,D,,A,,A,,A,,A,,A,,A,062022,D,12,D,2021,D,2,D,,A,44469,D,44291,D,44112,D,01,D,1,D,,A,,A,345,D,345,D,345,D,1,D,2,D
20222,04957042,40,0,5,01,D,100,D,.0433,F,25000,F,15,F,538,F,,B,,B,,B,,B,349,F,120,F,121,F,121,F,69,F,68,F,68,F,,A,06,F,2017,F,1,F,,A,19002,F,18881,F,18760,F,01,D,,A,,A,,A,,A,,A,,A,1,D,2,D
20222,04958082,39,0,5,01,D,100,D,.0445,D,50758,D,15,D,387,D,,A,,A,,A,,A,0,D,214,D,215,D,216,D,173,D,172,D,171,D,,A,07,D,2020,D,1,D,,A,46639,D,46425,D,46210,D,01,D,,A,,A,,A,,A,,A,,A,1,D,2,D
20222,04959392,32,0,5,01,D,100,D,.0371,F,42055,F,15,F,305,F,,A,,A,,A,,A,0,F,180,F,180,F,181,F,125,F,125,F,124,F,,A,06,F,2021,F,1,F,,A,40461,F,40281,F,40100,F,01,D,,A,,A,,A,,A,,A,,A,1,D,2,D
20222,04960342,24,0,5,01,D,100,D,.0450,D,12000,D,10,D,124,D,,A,,A,,A,,A,0,D,92,D,93,D,93,D,32,D,31,D,31,D,,A,09,D,2018,D,1,D,,A,8414,D,8321,D,8228,D,01,D,,A,,A,,A,,A,,A,,A,1,D,2,D
20222,04962152,27,0,5,01,D,100,D,.0472,D,41615,D,15,D,541,D,,B,,B,,B,,B,218,D,,A,179,D,180,D,,A,144,D,143,D,,A,10,D,2019,D,1,D,042022,D,,A,36553,D,36373,D,01,D,,A,,A,,A,,A,,A,,A,1,D,2,D
20222,04962152,49,0,5,01,D,100,D,.0472,D,41615,D,15,D,586,D,,B,,B,,B,,B,263,D,179,D,,A,,A,144,D,,A,,A,042022,D,10,D,2019,D,1,D,,A,36731,D,,A,,A,01,D,,A,,A,,A,,A,,A,,A,1,D,2,D
20222,04963662,22,0,5,01,D,100,D,.1025,D,5000,D,20,D,49,D,,A,,A,,A,,A,0,D,37,D,37,D,37,D,12,D,12,D,12,D,,A,12,D,2004,D,1,D,,A,1453,D,1416,D,1379,D,01,D,,A,,A,,A,,A,,A,,A,1,D,2,D
20222,04964442,25,0,5,01,D,100,D,.0400,F,377000,F,1,F,1800,F,,B,,B,,B,,B,0,F,612,F,614,F,616,F,1188,F,1185,F,1183,F,,A,12,F,2018,F,1,F,,A,355648,F,355034,F,354417,F,01,D,,A,,A,,A,,A,,A,,A,1,D,2,D
20222,05011341,50,0,1,01,D,100,D,.0590,D,115000,D,20,D,817,D,,A,,A,,A,,A,0,D,,A,,A,,A,,A,,A,,A,,A,03,D,2020,D,2,D,,A,109163,D,108883,D,108601,D,01,D,1,D,,A,,A,788,D,788,D,788,D,1,D,2,D
20222,05013191,15,0,1,01,D,300,D,.0525,D,,T,15,D,482,D,,A,,A,,A,,A,0,D,,A,853,T,856,T,,A,263,D,262,D,,A,02,D,2022,D,1,D,,A,,A,60000,D,59781,D,01,D,,A,,A,,A,,A,,A,,A,1,D,2,D
20222,05014241,27,0,1,01,D,100,D,.0371,D,200000,D,10,D,1997,D,,A,,A,,A,,A,0,D,,A,,A,,A,,A,,A,,A,,A,08,D,2021,D,2,D,,A,193062,D,191661,D,190256,D,01,D,1,D,,A,,A,2385,T,2385,T,2219,T,1,D,2,D
20222,05018181,10,0,1,01,D,100,D,.0400,D,28000,D,15,D,420,D,,B,,B,,B,,B,213,D,114,D,114,D,115,D,93,D,93,D,92,D,,A,12,D,2021,D,1,D,,A,27886,D,27772,D,27658,D,01,D,,A,,A,,A,,A,,A,,A,1,D,2,D
20222,05020061,21,0,1,01,D,200,D,.0371,D,480500,T,14,D,4252,T,,B,,B,,B,,B,62,D,2300,T,2310,T,2160,T,991,D,986,D,980,D,,A,02,D,2021,D,1,D,,A,473058,T,472092,T,471123,T,01,D,,A,,A,,A,,A,,A,,A,1,D,2,D
20222,05020061,22,0,1,02,D,300,D,.0371,D,,T,14,D,4252,T,,B,,B,,B,,B,62,D,,T,853,T,856,T,1314,D,1307,D,1301,D,,A,01,D,2021,D,1,D,,A,425017,D,422893,D,420762,D,01,D,,A,,A,,A,,A,,A,,A,1,D,2,D
20222,05020941,17,0,1,01,D,100,D,.0371,D,300000,D,10,D,2996,D,,A,,A,,A,,A,0,D,,A,,A,,A,,A,,A,,A,,A,09,D,2021,D,2,D,,A,291687,D,289592,D,287492,D,01,D,1,D,,A,,A,1700,D,1700,D,1700,D,1,D,2,D
20222,05024921,12,0,1,01,D,100,D,.0371,D,74000,D,15,D,537,D,,A,,A,,A,,A,0,D,314,D,315,D,316,D,223,D,222,D,221,D,,A,08,D,2021,D,1,D,,A,72136,D,71822,D,71507,D,01,D,,A,,A,,A,,A,,A,,A,1,D,2,D
20222,05026431,29,0,1,01,D,100,D,.0400,D,20000,D,10,D,202,D,,A,,A,,A,,A,0,D,,A,,A,,A,,A,,A,,A,,A,09,D,2014,D,2,D,,A,5954,D,5772,D,5588,D,01,D,1,D,,A,,A,210,D,210,D,210,D,1,D,2,D
20222,05030531,14,0,1,01,D,100,D,.0600,D,15000,D,10,D,167,D,,A,,A,,A,,A,0,D,103,D,103,D,104,D,64,D,64,D,63,D,,A,04,D,2020,D,1,D,,A,12866,D,12763,D,12660,D,01,D,,A,,A,,A,,A,,A,,A,1,D,2,D
20222,05033161,19,0,1,01,D,100,D,.0371,F,30000,F,3,F,973,F,,B,,B,,B,,B,91,F,819,F,822,F,824,F,63,F,60,F,58,F,,A,01,F,2021,F,1,F,,A,20366,F,19547,F,18726,F,01,D,,A,,A,,A,,A,,A,,A,1,D,2,D
20222,05036691,8,0,1,01,D,100,D,.0450,F,185000,F,14,F,1500,F,,B,,B,,B,,B,14,F,857,F,860,F,863,F,629,F,626,F,623,F,,A,06,F,2020,F,1,F,,A,167724,F,166867,F,166006,F,01,D,,A,,A,,A,,A,,A,,A,1,D,2,D
20222,05037671,6,0,1,01,D,100,D,.0475,D,25000,D,20,D,162,D,3,D,,A,,A,,A,0,D,0,D,0,D,0,D,160,D,160,D,100,D,,A,06,D,2017,D,2,D,,A,25000,D,25000,D,25000,D,01,D,,A,2,D,,A,200,D,160,D,160,D,,A,2,D
20222,05038331,17,0,1,01,D,100,D,.0565,D,50000,D,15,D,600,D,,B,,B,,B,,B,187,D,397,D,398,D,400,D,16,D,15,D,13,D,,A,12,D,2007,D,1,D,,A,3504,D,3108,D,2710,D,01,D,,A,,A,,A,,A,,A,,A,1,D,2,D
20222,05040631,13,0,1,01,D,100,D,.0579,D,50000,D,15,D,416,D,,A,,A,,A,,A,0,D,0,D,0,D,0,D,,A,,A,,A,,A,06,D,2009,D,2,D,,A,50000,D,50000,D,50000,D,01,D,,A,2,D,,A,300,D,300,D,300,D,,A,2,D
20222,05041071,15,0,1,01,D,100,D,.0420,F,77000,F,15,F,1000,F,,B,,B,,B,,B,423,F,343,F,344,F,345,F,234,F,233,F,232,F,,A,06,F,2019,F,1,F,,A,66950,F,66607,F,66263,F,01,D,,C,,C,,C,,A,,A,,A,,C,,A
20222,05041971,27,0,1,01,D,100,D,.0524,D,60000,D,10,D,804,D,,B,,B,,B,,B,161,D,515,D,517,D,519,D,128,D,126,D,124,D,,A,06,D,2016,D,1,D,,A,29398,D,28884,D,28367,D,01,D,,A,,A,,A,,A,,A,,A,1,D,2,D
20223,04898874,14,0,5,01,D,100,D,.0371,D,32000,D,10,D,500,D,,B,,B,,B,,B,180,D,225,D,225,D,226,D,95,D,95,D,94,D,,A,11,D,2021,D,1,D,,A,30888,D,30663,D,30438,D,01,D,,A,,A,,A,,A,,A,,A,1,D,2,D
20223,04899314,23,0,5,01,D,100,D,.0371,D,45057,D,10,D,450,D,,A,,A,,A,,A,0,D,315,D,316,D,317,D,135,D,134,D,133,D,,A,12,D,2021,D,1,D,,A,43808,D,43494,D,43178,D,01,D,,A,,A,,A,,A,,A,,A,1,D,2,D
20223,04900954,21,0,1,01,D,100,D,.0371,D,15000,D,10,D,150,D,,A,,A,,A,,A,0,D,,A,,A,,A,,A,,A,,A,,A,10,D,2021,D,2,D,,A,14375,D,14269,D,14164,D,01,D,1,D,,A,,A,1000,D,,C,1000,D,1,D,2,D
20223,04904174,22,0,5,01,D,100,D,.0386,D,50000,D,15,D,722,D,,B,,B,,B,,B,356,D,217,D,218,D,219,D,149,D,148,D,147,D,,A,10,D,2020,D,1,D,,A,46204,D,45987,D,45769,D,01,D,,A,,A,,A,,A,,A,,A,,C,,A
20223,04904864,19,0,5,01,D,100,D,.0679,D,40017,D,15,D,355,D,,A,,A,,A,,A,0,D,321,D,323,D,324,D,34,D,32,D,31,D,,A,10,D,2008,D,1,D,,A,6060,D,5739,D,5416,D,01,D,,A,,A,,A,,A,,A,,A,1,D,2,D
20223,04905934,20,0,5,01,D,100,D,.0371,D,40000,D,20,D,288,D,,B,,B,,B,,B,52,D,114,D,114,D,114,D,122,D,122,D,122,D,,A,12,D,2021,D,1,D,,A,39549,D,39435,D,39321,D,01,D,,A,,A,,A,,A,,A,,A,1,D,2,D
20223,04906244,13,0,5,01,D,100,D,.0386,F,50000,F,15,F,722,F,,B,,B,,B,,B,356,F,217,F,218,F,219,F,149,F,148,F,147,F,,A,10,F,2020,F,1,F,,A,46204,F,45987,F,45769,F,01,D,,A,2,D,,A,,A,,A,,A,,C,,A
20223,04907564,18,0,5,01,D,100,D,.0529,F,35255,F,5,F,670,F,,A,,A,,A,,A,0,F,622,F,624,F,627,F,48,F,46,F,43,F,,A,10,F,2018,F,1,F,,A,10950,F,10329,F,9704,F,01,D,,A,,A,,A,,A,,A,,A,1,D,2,D
20223,04908334,19,0,5,01,D,100,D,.0371,F,42055,F,15,F,305,F,,A,,A,,A,,A,0,F,182,F,182,F,183,F,123,F,123,F,122,F,,A,06,F,2021,F,1,F,,A,39919,F,39738,F,39555,F,01,D,,A,,A,,A,,A,,A,,A,1,D,2,D
20223,04909054,16,0,5,01,D,100,D,.0425,D,175000,D,10,D,1793,D,3,D,4,D,5,D,,A,0,D,1300,D,1304,D,1309,D,493,D,489,D,484,D,,A,12,D,2019,D,1,D,,A,139235,D,137935,D,136631,D,01,D,,A,,A,,A,,A,,A,,A,1,D,2,D
20223,04912664,27,0,5,01,D,100,D,.0605,D,480500,T,15,D,4252,T,,C,,C,,C,,C,0,D,1747,D,1756,D,2160,T,2486,D,2477,D,2468,D,,A,01,D,2022,D,2,D,,A,473058,T,472092,T,471123,T,01,D,1,D,,A,,A,0,D,0,D,0,D,,C,,A
20223,04913304,29,0,5,01,D,100,D,.0524,F,60000,F,10,F,804,F,,B,,B,,B,,B,161,F,521,F,524,F,526,F,122,F,119,F,117,F,,A,06,F,2016,F,1,F,,A,27848,F,27326,F,26803,F,01,D,1,D,,A,,A,,A,,A,,A,1,D,2,D
20223,04914654,23,0,5,01,D,100,D,.0490,D,25000,D,5,D,471,D,,A,,A,,A,,A,0,D,,A,,A,,A,,A,,A,,A,,A,11,D,2021,D,2,D,,A,22766,D,22388,D,22009,D,01,D,1,D,,A,,A,,C,,C,,C,1,D,2,D
20223,04914654,24,0,5,02,D,400,D,.0490,D,,T,5,D,94,D,,A,,A,,A,,A,0,D,0,D,0,D,0,D,0,D,0,D,0,D,,A,11,D,2021,D,2,D,,A,4553,D,4478,D,4402,D,01,D,1,D,,A,,A,0,D,0,D,0,D,1,D,2,D
20223,04921374,19,0,1,01,D,100,D,.0371,F,45057,F,10,F,450,F,,A,,A,,A,,A,0,F,315,F,316,F,317,F,135,F,134,F,133,F,,A,12,F,2021,F,1,F,,A,43808,F,43494,F,43178,F,01,D,,A,,A,3,D,,A,,A,,A,1,D,2,D
20223,04925624,13,0,5,01,D,100,D,.0524,F,60000,F,10,F,804,F,,B,,B,,B,,B,161,F,521,F,524,F,526,F,122,F,119,F,117,F,,A,06,F,2016,F,1,F,,A,27848,F,27326,F,26803,F,01,D,,A,,A,,A,,A,,A,,A,1,D,2,D
20223,04925754,26,0,5,01,D,100,D,.0371,D,42055,D,15,D,305,D,,A,,A,,A,,A,0,D,182,D,182,D,183,D,123,D,123,D,122,D,,A,06,D,2021,D,1,D,,A,39919,D,39738,D,39555,D,01,D,,A,,A,,A,,A,,A,,A,1,D,2,D
20223,04929124,46,0,5,01,D,100,D,.0605,D,119258,D,10,D,1327,D,3,D,,A,5,D,,A,0,D,,A,,A,170,D,,A,,A,140,D,,A,08,D,2022,D,2,D,082022,D,120699,D,119980,D,119258,D,01,D,,A,,A,,A,2385,T,2385,T,2219,T,1,D,2,D
20223,04929124,71,0,5,01,D,100,D,.0529,D,129233,D,5,D,2456,D,,A,,A,,A,,A,0,D,2300,T,2310,T,,A,74,D,64,D,,A,082022,D,01,D,2018,D,1,D,,A,16892,D,14511,D,,A,01,D,,A,,A,,A,,A,,A,,A,1,D,2,D
20223,04929414,21,0,5,01,D,100,D,.0445,F,50758,F,15,F,387,F,,A,,A,,A,,A,0,F,216,F,217,F,218,F,171,F,170,F,169,F,,A,07,F,2020,F,1,F,,A,45995,F,45778,F,45561,F,01,D,,A,,A,,A,,A,,A,,A,1,D,2,D
20223,04931553,19,0,5,01,D,100,D,.0371,D,70000,D,15,D,1000,D,,B,,B,,B,,B,492,D,,A,,A,300,D,,A,,A,208,D,,A,09,D,2021,D,1,D,062022,D,,A,,A,67343,D,01,D,,A,,A,,A,,A,,A,,A,1,D,2,D
20223,04931553,46,0,5,01,D,100,D,.0371,D,63152,D,15,D,458,D,,A,,A,,A,,A,0,D,268,D,269,D,,A,190,D,189,D,,A,062022,D,09,D,2021,D,1,D,,A,61296,D,61027,D,,A,01,D,,A,,A,,A,,A,,A,,A,1,D,2,D
20223,04932093,15,0,5,01,D,100,D,.0433,D,25000,D,15,D,538,D,,B,,B,,B,,B,349,D,124,D,124,D,125,D,65,D,65,D,64,D,,A,01,D,2017,D,1,D,,A,18026,D,17902,D,17778,D,01,D,,A,,A,,A,,A,,A,,A,1,D,2,D
20223,04934383,14,0,1,01,D,100,D,.0605,D,45000,D,10,D,501,D,,A,,A,,A,,A,0,D,0,D,0,D,0,D,,A,,A,,A,,A,05,D,2022,D,2,D,,A,45000,D,45000,D,45000,D,01,D,1,D,2,D,,A,130,D,130,D,130,D,,A,2,D
20223,04934543,27,0,5,01,D,100,D,.0500,D,30000,D,15,D,400,D,,B,,B,,B,,B,163,D,133,D,134,D,134,D,104,D,103,D,103,D,,A,10,D,2018,D,1,D,,A,24871,D,24738,D,24604,D,01,D,,A,,A,,A,,A,,A,,A,1,D,2,D
20223,04936203,22,0,5,01,D,100,D,.0371,D,45000,D,15,D,326,D,,A,,A,,A,,A,0,D,193,D,193,D,194,D,133,D,133,D,132,D,,A,06,D,2021,D,1,D,,A,43105,D,42912,D,42719,D,01,D,,A,,A,,A,,A,,A,,A,1,D,2,D
20223,04938223,22,0,5,01,D,100,D,.0475,F,60000,F,10,F,650,F,,B,,B,,B,,B,21,F,466,F,468,F,470,F,163,F,161,F,159,F,,A,09,F,2018,F,1,F,,A,41223,F,40758,F,40290,F,01,D,,A,,A,,A,,A,,A,,A,1,D,2,D
20223,04938463,29,0,5,01,D,100,D,.0371,F,95000,F,10,F,949,F,,A,,A,,A,,A,0,F,354,F,355,F,356,F,146,F,145,F,144,F,,A,10,F,2021,F,2,F,,A,89702,F,89031,F,88357,F,01,D,,A,,A,,A,500,F,500,F,500,F,1,D,2,D
20223,04947123,38,0,5,01,D,100,D,.0529,D,35255,D,5,D,670,D,,A,,A,,A,,A,0,D,622,D,624,D,627,D,48,D,46,D,43,D,,A,10,D,2018,D,1,D,,A,10950,D,10329,D,9704,D,01,D,,A,,A,,A,,A,,A,,A,1,D,2,D
20223,04947823,31,0,5,01,D,100,D,.0371,D,175000,D,15,D,1269,D,3,D,4,D,,A,,A,0,D,1078,D,1082,D,1085,D,722,D,718,D,715,D,,A,03,D,2021,D,2,D,,A,164599,D,163839,D,163076,D,01,D,,A,2,D,,A,,C,,C,,C,1,D,2,D
20223,04951283,24,0,5,01,D,100,D,.0440,D,480500,T,10,D,4252,T,,A,,A,,A,,A,0,D,0,D,0,D,0,D,900,D,900,D,900,D,,A,10,D,2016,D,2,D,,A,473058,T,472092,T,471123,T,01,D,1,D,2,D,,A,900,D,900,D,900,D,,A,2,D
20223,04951663,21,0,5,01,D,100,D,.0386,D,24737,D,5,D,454,D,,A,,A,,A,,A,0,D,408,D,410,D,411,D,46,D,44,D,43,D,,A,02,D,2020,D,1,D,,A,14193,D,13785,D,13375,D,01,D,,A,,A,,A,,A,,A,,A,1,D,2,D
20223,04954713,13,0,5,01,D,100,D,.0371,D,95000,D,10,D,949,D,,A,,A,,A,,A,0,D,354,D,355,D,356,D,146,D,145,D,144,D,,A,10,D,2021,D,2,D,,A,89702,D,89031,D,88357,D,01,D,1,D,,A,,A,500,D,500,D,500,D,1,D,2,D
20223,04956533,9,0,5,01,D,100,D,.0520,F,45000,F,15,F,361,F,,A,,A,,A,,A,0,F,165,F,166,F,166,F,194,F,193,F,193,F,,A,06,F,2022,F,2,F,,A,45000,F,44834,F,44668,F,01,D,,A,,A,,A,334,F,349,F,359,F,1,D,2,D
20223,04956933,21,0,5,01,D,100,D,.0520,D,45000,D,15,D,361,D,,A,,A,,A,,A,0,D,165,D,166,D,166,D,194,D,193,D,193,D,,A,06,D,2022,D,2,D,,A,45000,D,44834,D,44668,D,01,D,1,D,,A,,A,334,D,349,D,359,D,1,D,2,D
20223,04957043,46,0,5,01,D,100,D,.0620,F,25000,F,10,F,280,F,,A,,A,,A,,A,0,F,217,F,219,F,220,F,63,F,61,F,60,F,,A,06,F,2016,F,1,F,,A,12102,F,11885,F,11666,F,01,D,,A,,A,,A,,A,,A,,A,1,D,2,D
20223,04958083,36,0,5,01,D,100,D,.0445,D,50758,D,15,D,387,D,,A,,A,,A,,A,0,D,216,D,217,D,218,D,171,D,170,D,169,D,,A,07,D,2020,D,1,D,,A,45995,D,45778,D,45561,D,01,D,,A,,A,,A,,A,,A,,A,1,D,2,D
20223,04959393,32,0,5,01,D,100,D,.0500,F,30000,F,15,F,400,F,,B,,B,,B,,B,163,F,133,F,134,F,134,F,104,F,103,F,103,F,,A,10,F,2018,F,1,F,,A,24871,F,24738,F,24604,F,01,D,,A,,A,,A,,A,,A,,A,1,D,2,D
20223,04960343,32,0,5,01,D,100,D,.0605,D,30000,D,15,D,254,D,,A,,A,,A,,A,0,D,,A,,A,,A,,A,,A,,A,,A,08,D,2022,D,2,D,082022,D,30204,D,30102,D,30000,D,01,D,1,D,,A,,A,300,D,300,D,,A,1,D,2,D
20223,04960343,60,0,5,01,D,100,D,.0450,D,12000,D,5,D,224,D,,A,,A,,A,,A,0,D,212,D,213,D,,A,12,D,11,D,,A,082022,D,09,D,2018,D,1,D,,A,3243,D,3031,D,,A,01,D,,A,,A,,A,,A,,A,,A,1,D,2,D
20223,04962153,32,0,5,01,D,100,D,.0472,D,41615,D,15,D,541,D,,B,,B,,B,,B,218,D,181,D,181,D,182,D,142,D,142,D,141,D,,A,10,D,2019,D,1,D,,A,36194,D,36013,D,35832,D,01,D,,A,,A,,A,,A,,A,,A,1,D,2,D
20223,04963663,19,0,5,01,D,100,D,.1025,D,5000,D,20,D,49,D,,A,,A,,A,,A,0,D,41,D,41,D,41,D,8,D,8,D,8,D,,A,03,D,2004,D,1,D,,A,992,D,952,D,911,D,01,D,,A,,A,,A,,A,,A,,A,1,D,2,D
20223,05013192,17,0,5,01,D,300,D,.0605,D,,T,15,D,508,D,,A,,A,,A,,A,0,D,,T,853,T,856,T,300,D,299,D,298,D,,A,02,D,2022,D,1,D,,A,59588,D,59380,D,59172,D,01,D,,A,,A,,A,,A,,A,,A,1,D,2,D
20223,05018742,9,0,1,01,D,100,D,.0371,F,300000,F,10,F,2996,F,,A,,A,,A,,A,0,F,706,F,708,F,710,F,294,F,292,F,290,F,,A,09,F,2021,F,2,F,,A,285384,F,283270,F,281150,F,01,D,,A,,A,,A,1000,F,1000,F,1000,F,1,D,2,D
20223,05020942,21,0,5,01,D,100,D,.0371,D,300000,D,10,D,2996,D,,A,,A,,A,,A,0,D,706,D,708,D,710,D,294,D,292,D,290,D,,A,09,D,2021,D,2,D,,A,285384,D,283270,D,281150,D,01,D,1,D,,A,,A,1000,D,1000,D,1000,D,1,D,2,D
20223,05026432,28,0,5,01,D,100,D,.0400,D,20000,D,10,D,202,D,,A,,A,,A,,A,0,D,229,D,229,D,230,D,21,D,21,D,20,D,,A,08,D,2014,D,2,D,,A,5220,D,5035,D,4849,D,01,D,1,D,,A,,A,250,D,250,D,250,D,1,D,2,D
20223,05030532,19,0,5,01,D,100,D,.0600,D,15000,D,10,D,167,D,,A,,A,,A,,A,0,D,104,D,105,D,105,D,63,D,62,D,62,D,,A,04,D,2020,D,1,D,,A,12557,D,12452,D,12348,D,01,D,,A,,A,,A,,A,,A,,A,1,D,2,D
20223,05036692,9,0,5,01,D,100,D,.0550,F,31412,F,5,F,600,F,,A,,A,,A,,A,0,F,460,F,462,F,464,F,140,F,138,F,136,F,,A,03,F,2022,F,1,F,,A,30498,F,30038,F,29575,F,01,D,,A,,A,,A,,A,,A,,A,1,D,2,D
20223,05040632,18,0,5,01,D,100,D,.0605,F,45000,F,10,F,501,F,,A,,A,,A,,A,0,F,0,F,0,F,0,F,,A,,A,,A,,A,05,F,2022,F,2,F,,A,45000,F,45000,F,45000,F,01,D,,A,2,D,,A,130,F,130,F,130,F,,A,2,D
20223,05041072,25,0,5,01,D,100,D,.0371,F,60000,F,5,F,1097,F,,C,,C,,C,,C,0,F,931,F,934,F,937,F,166,F,163,F,160,F,,A,10,F,2021,F,1,F,,A,53560,F,52629,F,51694,F,01,D,,C,,C,,C,,A,,A,,A,,C,,A
20223,05041972,26,0,5,01,D,100,D,.0524,D,60000,D,10,D,804,D,,B,,B,,B,,B,161,D,521,D,524,D,526,D,122,D,119,D,117,D,,A,06,D,2016,D,1,D,,A,27848,D,27326,D,26803,D,01,D,,A,,A,,A,,A,,A,,A,1,D,2,D
20223,05043402,10,0,1,01,D,100,D,.0657,D,150000,D,20,D,1125,D,,A,,A,,A,,A,0,D,0,D,0,D,0,D,,A,,A,,A,,A,12,D,2003,D,2,D,,A,150000,D,150000,D,150000,D,01,D,1,D,,A,,A,500,D,500,D,500,D,,A,2,D
20223,05092141,12,0,1,01,D,100,D,.0450,D,193000,D,10,D,2200,D,,B,,B,,B,,B,200,D,0,D,0,D,0,D,1800,D,1800,D,1800,D,,A,04,D,2021,D,1,D,,A,193000,D,193000,D,193000,D,01,D,,A,,A,,A,,A,,A,,A,,A,2,D
20223,05094731,16,0,1,01,D,100,D,.0605,D,118000,D,5,D,2284,D,,A,,A,,A,,A,0,D,,A,,A,,A,,A,,A,,A,,A,03,D,2022,D,2,D,,A,116311,D,114613,D,112907,D,01,D,1,D,,A,,A,2385,T,2385,T,2219,T,1,D,2,D
20223,05095871,10,0,1,01,D,100,D,.0550,D,120000,D,7,D,1800,D,,B,,B,,B,,B,76,D,1240,D,1246,D,1252,D,484,D,478,D,472,D,,A,04,D,2021,D,1,D,,A,105551,D,104311,D,103065,D,01,D,,A,,A,,A,,A,,A,,A,1,D,2,D
20223,05097551,24,0,1,01,D,100,D,.0700,D,37207,D,10,D,432,D,,A,,A,,A,,A,0,D,374,D,376,D,378,D,58,D,56,D,54,D,,A,05,D,2014,D,1,D,,A,10023,D,9649,D,9274,D,01,D,,A,,A,,A,,A,,A,,A,1,D,2,D
20223,05104351,12,0,1,01,D,100,D,.0679,F,30000,F,15,F,302,F,,B,,B,,B,,B,36,F,253,F,254,F,255,F,13,F,12,F,11,F,,A,02,F,2008,F,1,F,,A,2369,F,2116,F,1862,F,01,D,,A,,A,,A,,A,,A,,A,1,D,2,D
20223,05105531,32,0,1,01,D,100,D,,C,20000,D,30,D,,A,,A,,A,,A,6,D,,B,,B,,B,,B,,B,,B,,B,,A,,C,2005,D,2,D,,A,,B,,B,,B,01,D,,C,,C,,C,,C,,C,,C,,A,,A
20223,05114651,19,0,1,01,D,100,D,.0550,D,31412,D,5,D,600,D,,A,,A,,A,,A,0,D,460,D,462,D,464,D,140,D,138,D,136,D,,A,03,D,2022,D,1,D,,A,30498,D,30038,D,29575,D,01,D,,A,,A,,A,,A,,A,,A,1,D,2,D
20223,05117081,8,0,1,01,D,100,D,.0475,D,60000,D,10,D,650,D,,B,,B,,B,,B,21,D,466,D,468,D,470,D,163,D,161,D,159,D,,A,09,D,2018,D,1,D,,A,41223,D,40758,D,40290,D,01,D,,A,,A,,A,,A,,A,,A,1,D,2,D
20223,05117291,21,0,1,01,D,100,D,.0371,D,60000,D,5,D,1097,D,,C,,C,,C,,C,0,D,931,D,934,D,937,D,166,D,163,D,160,D,,A,10,D,2021,D,1,D,,A,53560,D,52629,D,51694,D,01,D,,A,,A,,A,,A,,A,,A,,C,,A
20223,05118161,45,0,1,01,D,100,D,.0620,D,25000,D,10,D,280,D,,A,,A,,A,,A,0,D,217,D,219,D,220,D,63,D,61,D,60,D,,A,06,D,2016,D,1,D,,A,12102,D,11885,D,11666,D,01,D,,A,,A,,A,,A,,A,,A,1,D,2,D
20223,05118801,21,0,1,01,D,100,D,.0400,D,28390,D,15,D,210,D,,A,,A,,A,,A,0,D,118,D,119,D,119,D,92,D,91,D,91,D,,A,09,D,2021,D,1,D,,A,27456,D,27338,D,27219,D,01,D,,A,,A,,A,,A,,A,,A,1,D,2,D
20223,05120071,44,0,1,01,D,100,D,.0625,D,14551,D,5,D,283,D,,A,,A,,A,,A,0,D,254,D,255,D,256,D,29,D,28,D,27,D,,A,02,D,2019,D,1,D,,A,5616,D,5362,D,5107,D,01,D,,A,,A,,A,,A,,A,,A,1,D,2,D
20223,05123161,20,0,1,01,D,100,D,.0679,D,30000,D,15,D,302,D,,B,,B,,B,,B,36,D,253,D,254,D,255,D,13,D,12,D,11,D,,A,02,D,2008,D,1,D,,A,2369,D,2116,D,1862,D,01,D,,A,,A,,A,,A,,A,,A,1,D,2,D
20223,05123861,7,0,1,01,D,100,D,.0400,F,20000,F,10,F,202,F,,A,,A,,A,,A,0,F,229,F,229,F,230,F,21,F,21,F,20,F,,A,08,F,2014,F,2,F,,A,5220,F,5035,F,4849,F,01,D,,C,,C,,C,250,F,250,F,250,F,1,D,2,D
20224,04931554,24,0,5,01,D,100,D,.0371,D,70000,D,15,D,1000,D,,B,,B,,B,,B,492,D,301,D,302,D,303,D,207,D,206,D,205,D,,A,09,D,2021,D,1,D,,A,67043,D,66743,D,66441,D,01,D,,A,,A,,A,,A,,A,,A,1,D,2,D
20224,04932094,9,0,5,01,D,100,D,.0433,D,25000,D,15,D,538,D,,B,,B,,B,,B,349,D,121,D,122,D,122,D,68,D,67,D,67,D,,A,10,D,2017,D,1,D,,A,18760,D,18639,D,18517,D,01,D,,A,,A,,A,,A,,A,,A,1,D,2,D
20224,04934384,19,0,5,01,D,100,D,.0609,D,45000,D,10,D,502,D,,A,,A,,A,,A,0,D,0,D,0,D,0,D,245,D,245,D,245,D,,A,05,D,2022,D,2,D,,A,45000,D,45000,D,45000,D,01,D,1,D,2,D,,A,230,D,230,D,245,D,,A,2,D
20224,04934544,29,0,5,01,D,100,D,.0500,D,30000,D,15,D,400,D,,B,,B,,B,,B,163,D,135,D,136,D,136,D,102,D,101,D,101,D,,A,10,D,2018,D,1,D,,A,24469,D,24334,D,24199,D,01,D,,A,,A,,A,,A,,A,,A,1,D,2,D
20224,04936204,21,0,5,01,D,100,D,.0371,D,45000,D,15,D,326,D,,A,,A,,A,,A,0,D,195,D,195,D,196,D,131,D,131,D,130,D,,A,06,D,2021,D,1,D,,A,42525,D,42331,D,42135,D,01,D,,A,,A,,A,,A,,A,,A,1,D,2,D
20224,04938224,30,0,5,01,D,100,D,.0524,F,60000,F,10,F,804,F,,B,,B,,B,,B,161,F,528,F,531,F,533,F,115,F,112,F,110,F,,A,06,F,2016,F,1,F,,A,26277,F,25748,F,25218,F,01,D,,A,,A,,A,,A,,A,,A,1,D,2,D
20224,04938464,31,0,5,01,D,100,D,.0400,D,80000,D,28,D,400,D,,A,,A,,A,,A,0,F,,A,,A,115,D,,A,,A,267,D,092022,D,06,F,2007,D,1,D,,A,,A,,A,79885,D,01,D,,A,,A,,A,,A,,A,,A,1,D,2,D
20224,04942014,24,0,5,01,D,100,D,.0529,D,32836,D,20,D,222,D,,A,,A,,A,,A,0,D,94,D,94,D,95,D,128,D,128,D,127,D,,A,11,D,2018,D,1,D,,A,29094,D,29000,D,28906,D,01,D,,A,,A,,A,,A,,A,,A,1,D,2,D
20224,04947124,31,0,5,01,D,100,D,.0529,D,35255,D,5,D,670,D,,A,,A,,A,,A,0,D,630,D,633,D,636,D,40,D,37,D,34,D,,A,10,D,2018,D,1,D,,A,9077,D,8447,D,7814,D,01,D,,A,,A,,A,,A,,A,,A,1,D,2,D
20224,04947824,25,0,5,01,D,100,D,.0371,D,175000,D,15,D,1269,D,3,D,4,D,,A,,A,0,D,,A,,A,,A,,A,,A,,A,,A,03,D,2021,D,2,D,,A,162311,D,161544,D,160774,D,01,D,,A,2,D,,A,200,D,200,D,200,D,1,D,2,D
20224,04949394,17,0,5,01,D,100,D,.0371,D,327750,T,19,D,1400,D,,B,,B,,B,,B,23,D,0,D,0,D,0,D,1377,D,1377,D,1377,D,,A,06,D,2021,D,1,D,,A,317262,T,316195,T,315125,T,01,D,,A,,A,,A,,A,,A,,A,,A,2,D
20224,04951284,24,0,5,01,D,100,D,.0440,D,327750,T,10,D,3481,T,,A,,A,,A,,A,0,D,0,D,0,D,0,D,2180,D,2180,D,2180,D,,A,10,D,2016,D,2,D,,A,317262,T,316195,T,315125,T,01,D,1,D,2,D,,A,2397,T,2426,T,2426,T,,A,2,D
20224,04951664,25,0,5,01,D,100,D,.0386,D,24737,D,5,D,454,D,,A,,A,,A,,A,0,D,412,D,414,D,415,D,42,D,40,D,39,D,,A,02,D,2020,D,1,D,,A,12964,D,12552,D,12138,D,01,D,,A,,A,,A,,A,,A,,A,1,D,2,D
20224,04956534,13,0,5,01,D,100,D,.0371,F,45000,F,15,F,326,F,,A,,A,,A,,A,0,F,195,F,195,F,196,F,131,F,131,F,130,F,,A,06,F,2021,F,1,F,,A,42525,F,42331,F,42135,F,01,D,,A,,A,,A,,A,,A,,A,1,D,2,D
20224,04956934,19,0,5,01,D,100,D,.0520,D,45000,D,15,D,361,D,,A,,A,,A,,A,0,D,172,D,173,D,174,D,196,D,195,D,194,D,,A,06,D,2022,D,2,D,,A,44501,D,44333,D,44165,D,01,D,1,D,,A,,A,370,D,370,D,370,D,1,D,2,D
20224,04957044,33,0,5,01,D,100,D,.0620,F,25000,F,10,F,280,F,,A,,A,,A,,A,0,F,221,F,222,F,223,F,59,F,58,F,57,F,,A,06,F,2016,F,1,F,,A,11447,F,11226,F,11004,F,01,D,,A,,A,,A,,A,,A,,A,1,D,2,D
20224,04958084,34,0,5,01,D,100,D,.0445,D,50758,D,15,D,387,D,,A,,A,,A,,A,0,D,219,D,220,D,220,D,168,D,167,D,167,D,,A,07,D,2020,D,1,D,,A,45343,D,45124,D,44905,D,01,D,,A,,A,,A,,A,,A,,A,1,D,2,D
20224,04959914,23,0,5,01,D,100,D,.0700,D,25000,D,15,D,400,D,,B,,B,,B,,B,175,D,154,D,155,D,155,D,71,D,70,D,70,D,,A,03,D,2013,D,1,D,,A,12233,D,12079,D,11925,D,01,D,,A,,A,,A,,A,,A,,A,1,D,2,D
20224,04960344,26,0,5,01,D,100,D,.0609,D,30000,D,15,D,255,D,,A,,A,,A,,A,0,D,202,D,203,D,204,D,298,D,297,D,296,D,,A,08,D,2022,D,2,D,,A,29898,D,29795,D,29691,D,01,D,1,D,,A,,A,500,D,500,D,500,D,1,D,2,D
20224,04962154,35,0,5,01,D,100,D,.0472,D,41615,D,15,D,541,D,,B,,B,,B,,B,218,D,183,D,183,D,184,D,140,D,140,D,139,D,,A,10,D,2019,D,1,D,,A,35649,D,35467,D,35283,D,01,D,,A,,A,,A,,A,,A,,A,1,D,2,D
20224,04963664,17,0,5,01,D,100,D,.1025,D,5000,D,20,D,49,D,,A,,A,,A,,A,0,D,41,D,42,D,42,D,8,D,7,D,7,D,,A,04,D,2004,D,1,D,,A,911,D,870,D,828,D,01,D,,A,,A,,A,,A,,A,,A,1,D,2,D
20224,04964444,22,0,5,01,D,100,D,.0609,F,118000,F,5,F,2286,F,,A,,A,,A,,A,0,F,1671,V,1679,V,1569,V,543,F,535,F,526,F,,A,03,F,2022,F,2,F,,A,111199,F,109477,F,107747,F,01,D,,A,,A,,A,2397,V,2426,V,2426,V,1,D,2,D
20224,05013193,15,0,5,01,D,300,D,.0609,D,105712,T,15,D,509,D,,A,,A,,A,,A,0,D,220,T,175,T,176,T,299,D,298,D,297,D,,A,02,D,2022,D,1,D,,A,58967,D,58757,D,58547,D,01,D,,A,,A,,A,,A,,A,,A,1,D,2,D
20224,05018743,12,0,5,01,D,100,D,.0371,F,327750,V,10,F,3481,V,,A,,A,,A,,A,0,F,705,F,707,F,709,F,285,F,283,F,281,F,,A,09,F,2021,F,2,F,,A,317262,V,316195,V,315125,V,01,D,,A,,A,,A,697,F,828,F,990,F,1,D,2,D
20224,05019543,29,0,5,02,D,300,D,.1140,D,105712,T,10,D,740,D,,A,,A,,A,,A,0,D,220,T,175,T,176,T,502,D,500,D,498,D,,A,07,D,2022,D,1,D,072022,D,52848,D,52610,D,52370,D,01,D,,A,,A,,A,,T,,T,,T,1,D,2,D
20224,05020943,22,0,5,01,D,100,D,.0371,D,327750,T,10,D,3481,T,,A,,A,,A,,A,0,D,705,D,707,D,709,D,285,D,283,D,281,D,,A,09,D,2021,D,2,D,,A,317262,T,316195,T,315125,T,01,D,1,D,,A,,A,697,D,828,D,990,D,1,D,2,D
20224,05026433,29,0,5,01,D,100,D,.0400,D,20000,D,10,D,202,D,,A,,A,,A,,A,0,D,229,D,230,D,231,D,21,D,20,D,19,D,,A,10,D,2014,D,2,D,,A,5035,D,4849,D,4663,D,01,D,1,D,,A,,A,300,D,325,D,250,D,1,D,2,D
20224,05036693,9,0,5,01,D,100,D,.0529,F,32836,F,20,F,222,F,,A,,A,,A,,A,0,F,94,F,94,F,95,F,128,F,128,F,127,F,,A,11,F,2018,F,1,F,,A,29094,F,29000,F,28906,F,01,D,,A,,A,,A,,A,,A,,A,1,D,2,D
20224,05041973,28,0,5,01,D,100,D,.0524,D,60000,D,10,D,804,D,,B,,B,,B,,B,161,D,528,D,531,D,533,D,115,D,112,D,110,D,,A,06,D,2016,D,1,D,,A,26277,D,25748,D,25218,D,01,D,,A,,A,,A,,A,,A,,A,1,D,2,D
20224,05042333,15,0,1,01,D,100,D,.0800,D,45000,D,5,D,2000,D,,B,,B,,B,,B,1088,D,637,D,641,D,645,D,275,D,271,D,267,D,,A,03,D,2022,D,1,D,,A,41266,D,40629,D,39988,D,01,D,,A,,A,,A,,A,,A,,A,1,D,2,D
20224,05091172,21,0,1,01,D,100,D,.0609,D,23565,D,15,D,200,D,,A,,A,,A,,A,0,D,,A,,A,80,D,,A,,A,120,D,,A,09,D,2022,D,1,D,,A,,A,,A,23565,D,01,D,,A,,A,,A,,A,,A,,A,1,D,2,D
20224,05092142,24,0,5,01,D,100,D,.0450,D,193000,D,10,D,2200,D,,B,,B,,B,,B,200,D,0,D,0,D,0,D,1800,D,1800,D,1800,D,,A,04,D,2021,D,1,D,,A,193000,D,193000,D,193000,D,01,D,,A,,A,,A,,A,,A,,A,,A,2,D
20224,05094732,19,0,5,01,D,100,D,.0609,D,118000,D,5,D,2286,D,,A,,A,,A,,A,0,D,1671,T,1679,T,1569,T,543,D,535,D,526,D,,A,03,D,2022,D,2,D,,A,111199,D,109477,D,107747,D,01,D,1,D,,A,,A,2397,T,2426,T,2426,T,1,D,2,D
20224,05095292,34,0,5,01,D,100,D,.0529,D,145000,D,10,D,1559,D,,C,,C,,C,,C,0,D,1156,D,1161,D,1166,D,403,D,398,D,393,D,,A,03,D,2018,D,1,D,,A,91377,D,90221,D,89059,D,01,D,,A,,A,,A,,A,,A,,A,,C,,A
20224,05097552,22,0,5,01,D,100,D,.0700,D,37207,D,10,D,432,D,,A,,A,,A,,A,0,D,380,D,382,D,385,D,52,D,50,D,47,D,,A,05,D,2014,D,1,D,,A,8896,D,8516,D,8133,D,01,D,,A,,A,,A,,A,,A,,A,1,D,2,D
20224,05103332,24,0,1,01,D,100,D,.0500,D,100000,D,10,D,1061,D,,A,,A,,A,,A,0,D,680,D,683,D,686,D,381,D,378,D,375,D,,A,08,D,2021,D,1,D,,A,91411,D,90731,D,90048,D,01,D,,A,,A,,A,,A,,A,,A,1,D,2,D
20224,05104352,22,0,5,01,D,100,D,.0500,F,30000,F,15,F,400,F,,B,,B,,B,,B,163,F,135,F,136,F,136,F,102,F,101,F,101,F,,A,10,F,2018,F,1,F,,A,24469,F,24334,F,24199,F,01,D,,A,,A,,A,,A,,A,,A,1,D,2,D
20224,05114652,41,0,5,01,D,100,D,.0550,D,31412,D,5,D,600,D,,A,,A,,A,,A,0,D,467,D,469,D,471,D,133,D,131,D,129,D,,A,03,D,2022,D,1,D,,A,29111,D,28644,D,28176,D,01,D,,A,,A,,A,,A,,A,,A,1,D,2,D
20224,05115852,17,0,1,01,D,100,D,.0529,F,35255,F,5,F,670,F,,A,,A,,A,,A,0,F,630,F,633,F,636,F,40,F,37,F,34,F,,A,10,F,2018,F,1,F,,A,9077,F,8447,F,7814,F,01,D,,A,,A,,A,,A,,A,,A,1,D,2,D
20224,05117082,14,0,5,01,D,100,D,.0475,D,60000,D,10,D,650,D,,B,,B,,B,,B,21,D,471,D,473,D,475,D,158,D,156,D,154,D,,A,09,D,2018,D,1,D,,A,39820,D,39349,D,38876,D,01,D,,A,,A,,A,,A,,A,,A,1,D,2,D
20224,05117292,24,0,5,01,D,100,D,.0371,D,60000,D,5,D,1097,D,,C,,C,,C,,C,0,D,940,D,943,D,946,D,157,D,154,D,151,D,,A,10,D,2021,D,1,D,,A,50757,D,49817,D,48874,D,01,D,,A,,A,,A,,A,,A,,A,,C,,A
20224,05118162,48,0,5,01,D,100,D,.0620,D,25000,D,10,D,280,D,,A,,A,,A,,A,0,D,221,D,222,D,223,D,59,D,58,D,57,D,,A,06,D,2016,D,1,D,,A,11447,D,11226,D,11004,D,01,D,,A,,A,,A,,A,,A,,A,1,D,2,D
20224,05118802,23,0,5,01,D,100,D,.0400,D,28390,D,15,D,210,D,,A,,A,,A,,A,0,D,120,D,120,D,120,D,90,D,90,D,90,D,,A,09,D,2021,D,1,D,,A,27100,D,26980,D,26860,D,01,D,,A,,A,,A,,A,,A,,A,1,D,2,D
20224,05120072,41,0,5,01,D,100,D,.0625,D,14551,D,5,D,283,D,,A,,A,,A,,A,0,D,242,D,243,D,245,D,41,D,40,D,38,D,,A,02,D,2020,D,1,D,,A,7841,D,7599,D,7356,D,01,D,,A,,A,,A,,A,,A,,A,1,D,2,D
20224,05123162,27,0,5,01,D,100,D,.0440,D,30000,D,15,D,302,D,,B,,B,,B,,B,74,D,187,D,188,D,189,D,41,D,40,D,39,D,,A,02,D,2012,D,1,D,,A,11145,D,10957,D,10770,D,01,D,,A,,A,,A,,A,,A,,A,1,D,2,D
20224,05201371,10,0,1,01,D,100,D,.0609,F,50000,F,10,F,1000,F,,B,,B,,B,,B,443,F,311,F,313,F,314,F,246,F,244,F,243,F,,A,03,F,2022,F,1,F,,A,48468,F,48157,F,47845,F,01,D,,A,,A,,A,,A,,A,,A,1,D,2,D
20224,05204291,25,0,1,01,D,100,D,.0609,D,172000,D,15,D,1460,D,,A,,A,,A,,A,0,D,,A,,A,,A,,A,,A,,A,,A,01,D,2022,D,2,D,,A,168434,D,167829,D,167220,D,01,D,1,D,,A,,A,2397,T,2426,T,2426,T,1,D,2,D
20224,05204791,15,0,1,01,D,100,D,.0800,F,45000,F,5,F,2000,F,,B,,B,,B,,B,1088,F,637,F,641,F,645,F,275,F,271,F,267,F,,A,03,F,2022,F,1,F,,A,41266,F,40629,F,39988,F,01,D,1,D,,A,,A,,A,,A,,A,1,D,2,D
20224,05205951,20,0,1,01,D,100,D,.0400,D,200000,D,10,D,2025,D,,C,,C,,C,,C,0,D,1381,D,1386,D,1569,T,644,D,639,D,635,D,,A,02,D,2022,D,2,D,,A,193163,D,191782,D,190396,D,01,D,1,D,,A,,A,950,D,1050,D,1050,D,,C,,A
20224,05206711,8,0,1,01,D,100,D,.0600,D,35000,D,15,D,300,D,,B,,B,,B,,B,5,D,163,D,163,D,164,D,132,D,132,D,131,D,,A,06,D,2017,D,1,D,,A,26466,D,26303,D,26140,D,01,D,,A,,A,,A,,A,,A,,A,1,D,2,D
20224,05212451,41,0,1,01,D,100,D,.0450,D,13072,D,15,D,100,D,,A,,A,,A,,A,0,D,58,D,59,D,59,D,42,D,41,D,41,D,,A,07,D,2019,D,1,D,,A,11111,D,11053,D,10994,D,01,D,,A,,A,,A,,A,,A,,A,1,D,2,D
20224,05213601,20,0,1,01,D,100,D,.0609,D,50000,D,10,D,1000,D,,B,,B,,B,,B,443,D,311,D,313,D,314,D,246,D,244,D,243,D,,A,03,D,2022,D,1,D,,A,48468,D,48157,D,47845,D,01,D,,A,,A,,A,,A,,A,,A,1,D,2,D
20224,05214161,24,0,1,01,D,100,D,.0400,D,35000,D,15,D,400,D,,B,,B,,B,,B,141,D,151,D,151,D,152,D,108,D,108,D,107,D,,A,03,D,2021,D,1,D,,A,32515,D,32364,D,32213,D,01,D,,A,,A,,A,,A,,A,,A,1,D,2,D
20224,05216991,24,0,1,01,D,100,D,.0725,D,19853,D,16,D,175,D,,A,,A,,A,,A,0,D,73,D,73,D,74,D,92,D,92,D,91,D,,A,10,D,2018,D,1,D,,A,16944,D,16871,D,16798,D,01,D,,A,,A,,A,,A,,A,,A,1,D,2,D
20224,05219471,15,0,1,01,D,100,D,.0529,D,20000,D,5,D,393,D,,B,,B,,B,,B,13,D,367,D,368,D,370,D,13,D,12,D,10,D,,A,04,D,2018,D,1,D,,A,2986,D,2620,D,2251,D,01,D,,A,,A,,A,,A,,A,,A,1,D,2,D
20224,05220551,18,0,1,01,D,100,D,.0440,F,40000,F,15,F,1000,F,3,F,4,F,5,F,,A,696,F,203,F,204,F,205,F,101,F,100,F,99,F,,A,11,F,2016,F,1,F,,A,27470,F,27267,F,27063,F,01,D,,A,,A,,A,,A,,A,,A,1,D,2,D
20224,05226051,26,0,1,01,D,100,D,.0670,D,22000,D,10,D,252,D,,A,,A,,A,,A,0,D,,A,,A,,A,,A,,A,,A,,A,10,D,2021,D,2,D,,A,20538,D,20401,D,20263,D,01,D,1,D,,A,,A,,C,,C,,C,1,D,2,D
20224,05233481,34,0,1,01,D,100,D,.0600,D,60000,D,10,D,666,D,,A,,A,,A,,A,0,D,0,D,0,D,0,D,,A,,A,,A,,A,08,D,2022,D,2,D,,A,60000,D,60000,D,60000,D,01,D,1,D,,A,,A,,C,,C,,C,,A,2,D
20224,05234561,16,0,1,01,D,100,D,.0440,D,40000,D,15,D,1000,D,3,D,4,D,5,D,,A,696,D,203,D,204,D,205,D,101,D,100,D,99,D,,A,11,D,2016,D,1,D,,A,27470,D,27267,D,27063,D,01,D,,A,,A,,A,,A,,A,,A,1,D,2,D
20231,05013194,25,0,5,01,D,300,D,.0609,D,105712,T,15,D,509,D,,A,,A,,A,,A,0,D,220,T,175,T,176,T,296,D,295,D,294,D,,A,02,D,2022,D,1,D,,A,58335,D,58122,D,57908,D,01,D,,A,,A,,A,,A,,A,,A,1,D,2,D
20231,05018744,19,0,5,01,D,100,D,.0386,F,198844,F,10,F,2000,F,,A,,A,,A,,A,0,F,1498,F,1503,F,1569,V,502,F,497,F,492,F,,A,06,F,2020,F,1,F,,A,156071,F,154573,F,153070,F,01,D,,A,,A,,A,,A,,A,,A,1,D,2,D
20231,05019544,33,0,5,02,D,300,D,.1140,D,7000,D,10,D,98,D,,A,,A,,A,,A,0,D,32,D,175,T,176,T,66,D,65,D,65,D,,A,07,D,2022,D,1,D,,A,6905,D,6872,D,6839,D,01,D,,A,,A,,A,,T,,T,,T,1,D,2,D
20231,05026434,26,0,5,01,D,100,D,.0400,D,20000,D,10,D,202,D,,A,,A,,A,,A,0,D,279,D,280,D,281,D,21,D,20,D,19,D,,A,09,D,2014,D,2,D,,A,4288,D,4100,D,3911,D,01,D,1,D,,A,,A,300,D,300,D,300,D,1,D,2,D
20231,05030534,19,0,5,01,D,100,D,.0600,D,15000,D,10,D,167,D,,A,,A,,A,,A,0,D,107,D,108,D,108,D,60,D,59,D,59,D,,A,04,D,2020,D,1,D,,A,11923,D,11816,D,11708,D,01,D,,A,,A,,A,,A,,A,,A,1,D,2,D
20231,05036694,9,0,5,01,D,100,D,.0386,F,25000,F,10,F,300,F,,B,,B,,B,,B,49,F,183,F,184,F,184,F,68,F,67,F,67,F,,A,12,F,2020,F,1,F,,A,21118,F,20935,F,20751,F,01,D,,A,,A,,A,,A,,A,,A,1,D,2,D
20231,05041074,21,0,5,01,D,100,D,.0529,F,145000,F,10,F,1559,F,,C,,C,,C,,C,0,F,1172,F,1177,F,1182,F,387,F,382,F,377,F,,A,03,F,2018,F,1,F,,A,87893,F,86722,F,85545,F,01,D,,C,,C,,C,,A,,A,,A,,C,,A
20231,05042334,24,0,5,01,D,100,D,.0800,D,45000,D,5,D,2000,D,,A,,A,,A,,A,,B,,A,,A,,A,,A,,A,,A,,A,08,D,2023,D,1,D,,A,,A,,A,,A,01,D,,A,,A,,A,,A,,A,,A,1,D,2,D
20231,05090953,10,0,1,01,D,100,D,.0450,D,24701,D,10,D,256,D,,A,,A,,A,,A,0,D,171,D,172,D,172,D,85,D,84,D,84,D,,A,10,D,2021,D,1,D,,A,22700,D,22529,D,22357,D,01,D,,A,,A,,A,,A,,A,,A,1,D,2,D
20231,05091173,23,0,5,01,D,100,D,.0609,D,23565,D,15,D,200,D,,A,,A,,A,,A,0,D,81,D,81,D,82,D,119,D,119,D,118,D,,A,09,D,2022,D,1,D,,A,23485,D,23404,D,23323,D,01,D,,A,,A,,A,,A,,A,,A,1,D,2,D
20231,05092143,20,0,5,01,D,100,D,.0600,D,193000,D,10,D,2200,D,,B,,B,,B,,B,57,D,0,D,0,D,0,D,,A,,A,,A,,A,11,D,2022,D,2,D,112022,D,193000,D,193000,D,193000,D,01,D,,A,2,D,,A,500,D,500,D,500,D,,A,2,D
20231,05092143,47,0,5,01,D,100,D,.0450,D,193000,D,10,D,2200,D,,B,,B,,B,,B,200,D,0,D,0,D,0,D,2000,D,2000,D,2000,D,112022,D,04,D,2021,D,1,D,,A,193000,D,193000,D,193000,D,01,D,,A,,A,,A,,A,,A,,A,,A,2,D
20231,05094733,20,0,5,01,D,100,D,.0609,D,118000,D,5,D,2286,D,,A,,A,,A,,A,0,D,1671,T,1679,T,1569,T,518,D,509,D,501,D,,A,03,D,2022,D,2,D,,A,106007,D,104259,D,102502,D,01,D,1,D,,A,,A,2397,T,2426,T,2426,T,1,D,2,D
20231,05095293,34,0,5,01,D,100,D,.0529,D,145000,D,10,D,1559,D,,C,,C,,C,,C,0,D,1172,D,1177,D,1182,D,387,D,382,D,377,D,,A,03,D,2018,D,1,D,,A,87893,D,86722,D,85545,D,01,D,,A,,A,,A,,A,,A,,A,,C,,A
20231,05095873,14,0,5,01,D,100,D,.0550,D,120000,D,7,D,1800,D,,B,,B,,B,,B,76,D,1275,D,1281,D,1286,D,449,D,443,D,438,D,,A,04,D,2021,D,1,D,,A,98024,D,96750,D,95469,D,01,D,,A,,A,,A,,A,,A,,A,1,D,2,D
20231,05097553,22,0,5,01,D,100,D,.0700,D,37207,D,10,D,432,D,,A,,A,,A,,A,0,D,387,D,389,D,391,D,45,D,43,D,41,D,,A,05,D,2014,D,1,D,,A,7749,D,7362,D,6973,D,01,D,,A,,A,,A,,A,,A,,A,1,D,2,D
20231,05100443,11,0,1,01,D,100,D,.0470,F,40000,F,15,F,950,F,,A,4,F,,A,,A,640,F,177,F,178,F,179,F,133,F,132,F,131,F,,A,10,F,2019,F,1,F,,A,33908,F,33731,F,33553,F,01,D,,A,,A,,A,,A,,A,,A,1,D,2,D
20231,05103333,27,0,5,01,D,100,D,.0500,D,100000,D,10,D,1061,D,,A,,A,,A,,A,0,D,689,D,692,D,694,D,372,D,369,D,367,D,,A,08,D,2021,D,1,D,,A,89362,D,88673,D,87982,D,01,D,,A,,A,,A,,A,,A,,A,1,D,2,D
20231,05104353,14,0,5,01,D,100,D,.0400,F,30000,F,15,F,250,F,,B,,B,,B,,B,28,F,122,F,122,F,123,F,100,F,100,F,99,F,,A,10,F,2022,F,1,F,,A,30000,F,29878,F,29756,F,01,D,,A,,A,,A,,A,,A,,A,1,D,2,D
20231,05105093,10,0,1,01,D,100,D,.0529,D,12000,D,1,D,1200,D,,B,,B,,B,,B,171,D,,A,,A,,A,,A,,A,,A,,A,01,D,2018,D,1,D,,A,,A,,A,,A,01,D,,A,,A,,A,,A,,A,,A,,C,,A
20231,05108913,25,0,1,02,D,300,D,.0712,D,105712,T,10,D,3481,T,3,D,4,D,,A,,A,0,D,,A,,A,,A,,A,,A,,A,,A,03,D,2023,D,2,D,,A,,A,,A,,A,01,D,1,D,,A,,A,0,D,0,D,0,D,1,D,2,D
20231,05109063,43,0,5,01,D,100,D,.0900,D,147890,D,15,D,1500,D,,A,,A,,A,,A,0,D,,A,391,D,394,D,,A,1109,D,1106,D,,A,01,D,2023,D,1,D,,A,,A,147890,D,147499,D,01,D,,A,,A,,A,,A,,A,,A,1,D,2,D
20231,05110593,25,0,5,01,D,100,D,.0473,F,30000,F,15,F,302,F,,B,,B,,B,,B,69,F,182,F,183,F,183,F,51,F,50,F,50,F,,A,02,F,2013,F,1,F,,A,12984,F,12802,F,12620,F,01,D,,A,,A,,A,,A,,A,,A,1,D,2,D
20231,05114653,25,0,5,01,D,100,D,.0550,D,31412,D,5,D,600,D,,A,,A,,A,,A,0,D,473,D,475,D,477,D,127,D,125,D,123,D,,A,03,D,2022,D,1,D,,A,27705,D,27232,D,26757,D,01,D,,A,,A,,A,,A,,A,,A,1,D,2,D
20231,05115853,23,0,5,01,D,100,D,.0609,F,118000,F,5,F,2286,F,,A,,A,,A,,A,0,F,1671,V,1679,V,1569,V,518,F,509,F,501,F,,A,03,F,2022,F,2,F,,A,106007,F,104259,F,102502,F,01,D,,A,,A,,A,2397,V,2426,V,2426,V,1,D,2,D
20231,05117083,14,0,5,01,D,100,D,.0475,D,60000,D,10,D,650,D,,B,,B,,B,,B,21,D,481,D,483,D,485,D,148,D,146,D,144,D,,A,07,D,2018,D,1,D,,A,37445,D,36964,D,36481,D,01,D,,A,,A,,A,,A,,A,,A,1,D,2,D
20231,05117293,21,0,5,01,D,100,D,.0371,D,60000,D,5,D,1097,D,,C,,C,,C,,C,0,D,949,D,952,D,955,D,148,D,145,D,142,D,,A,10,D,2021,D,1,D,,A,47928,D,46979,D,46028,D,01,D,,A,,A,,A,,A,,A,,A,,C,,A
20231,05120073,39,0,5,01,D,100,D,.0625,D,14551,D,5,D,283,D,,A,,A,,A,,A,0,D,262,D,263,D,265,D,21,D,20,D,18,D,,A,02,D,2019,D,1,D,,A,4074,D,3812,D,3549,D,01,D,,A,,A,,A,,A,,A,,A,1,D,2,D
20231,05123163,29,0,5,01,D,100,D,.0473,D,30000,D,15,D,302,D,,B,,B,,B,,B,69,D,182,D,183,D,183,D,51,D,50,D,50,D,,A,02,D,2013,D,1,D,,A,12984,D,12802,D,12620,D,01,D,,A,,A,,A,,A,,A,,A,1,D,2,D
20231,05201372,15,0,5,01,D,100,D,.0730,F,70000,F,10,F,957,F,,B,,B,,B,,B,133,F,398,F,401,F,403,F,426,F,423,F,421,F,,A,10,F,2022,F,1,F,,A,70000,F,69602,F,69201,F,01,D,,A,,A,,A,,A,,A,,A,1,D,2,D
20231,05204162,27,0,1,01,D,100,D,.0730,D,70000,D,10,D,957,D,,B,,B,,B,,B,133,D,398,D,401,D,403,D,426,D,423,D,421,D,,A,10,D,2022,D,1,D,,A,70000,D,69602,D,69201,D,01,D,,A,,A,,A,,A,,A,,A,1,D,2,D
20231,05204292,24,0,5,01,D,100,D,.0609,D,172000,D,15,D,1460,D,,A,,A,,A,,A,0,D,1262,D,1269,D,1275,D,1738,D,1731,D,1725,D,,A,01,D,2022,D,2,D,,A,166609,D,165995,D,165378,D,01,D,1,D,,A,,A,2397,T,2426,T,2426,T,1,D,2,D
20231,05205952,24,0,5,01,D,100,D,.0400,D,200000,D,10,D,2025,D,,C,,C,,C,,C,0,D,1395,D,1400,D,1569,T,630,D,625,D,621,D,,A,02,D,2022,D,2,D,,A,189006,D,187611,D,186211,D,01,D,1,D,,A,,A,1200,D,1300,D,1300,D,,C,,A
20231,05209192,10,0,1,01,D,100,D,.0880,D,40000,D,30,D,,A,,A,,A,,A,,A,,B,,A,,A,,A,,A,,A,,A,,A,06,D,2023,D,2,D,,A,,A,,A,,A,01,D,1,D,,A,,A,300,D,300,D,300,D,1,D,2,D
20231,05211192,11,0,1,01,D,100,D,.0386,D,25000,D,10,D,300,D,,B,,B,,B,,B,49,D,183,D,184,D,184,D,68,D,67,D,67,D,,A,12,D,2020,D,1,D,,A,21118,D,20935,D,20751,D,01,D,,A,,A,,A,,A,,A,,A,1,D,2,D
20231,05212452,46,0,5,01,D,100,D,.0450,D,13072,D,15,D,100,D,,A,,A,,A,,A,0,D,59,D,59,D,59,D,41,D,41,D,41,D,,A,08,D,2019,D,1,D,,A,10994,D,10935,D,10876,D,01,D,,A,,A,,A,,A,,A,,A,1,D,2,D
20231,05213602,27,0,5,01,D,100,D,.0609,D,50000,D,10,D,1000,D,,B,,B,,B,,B,443,D,316,D,317,D,319,D,241,D,240,D,238,D,,A,03,D,2022,D,1,D,,A,47530,D,47215,D,46897,D,01,D,,A,,A,,A,,A,,A,,A,1,D,2,D
20231,05216992,30,0,5,01,D,100,D,.0725,D,19853,D,16,D,175,D,,A,,A,,A,,A,0,D,74,D,74,D,75,D,101,D,101,D,100,D,,A,10,D,2018,D,1,D,,A,16724,D,16650,D,16576,D,01,D,,A,,A,,A,,A,,A,,A,1,D,2,D
20231,05217292,15,0,1,01,D,100,D,.0472,D,100000,D,15,D,920,D,,B,,B,,B,,B,144,D,442,D,444,D,446,D,334,D,332,D,330,D,,A,10,D,2019,D,1,D,,A,84791,D,84349,D,83905,D,01,D,,A,,A,,A,,A,,A,,A,1,D,2,D
20231,05217292,16,0,1,02,D,200,D,.0386,D,175000,D,15,D,2000,D,3,D,,A,,A,,A,718,D,774,D,777,D,779,D,508,D,505,D,503,D,,A,12,D,2020,D,1,D,,A,157862,D,157088,D,156312,D,01,D,,A,,A,,A,,A,,A,,A,1,D,2,D
20231,05220082,18,0,1,01,D,100,D,.0470,D,40000,D,15,D,950,D,,A,4,D,,A,,A,640,D,177,D,178,D,179,D,133,D,132,D,131,D,,A,10,D,2019,D,1,D,,A,33908,D,33731,D,33553,D,01,D,,A,,A,,A,,A,,A,,A,1,D,2,D
20231,05220552,30,0,5,01,D,100,D,.0470,F,40000,F,15,F,950,F,,A,4,F,,A,,A,640,F,177,F,178,F,179,F,133,F,132,F,131,F,,A,10,F,2019,F,1,F,,A,33908,F,33731,F,33553,F,01,D,,A,,A,,A,,A,,A,,A,1,D,2,D
20231,05226052,23,0,5,01,D,100,D,.0670,D,22000,D,5,D,433,D,,A,,A,,A,,A,0,D,116,D,117,D,117,D,34,D,33,D,33,D,,A,10,D,2021,D,2,D,,A,17503,D,17169,D,16832,D,01,D,1,D,,A,,A,140,D,140,D,150,D,1,D,2,D
20231,05232052,11,0,1,01,D,100,D,.0712,D,70000,D,15,D,634,D,3,D,4,D,5,D,,A,0,D,,A,219,D,220,D,,A,415,D,414,D,,A,01,D,2023,D,1,D,,A,,A,70000,D,69781,D,01,D,,A,,A,,A,,A,,A,,A,1,D,2,D
20231,05254111,16,0,1,01,D,100,D,.0386,F,10000,F,5,F,184,F,,A,,A,,A,,A,0,F,167,F,168,F,168,F,17,F,16,F,16,F,,A,06,F,2020,F,1,F,,A,5226,F,5059,F,4891,F,01,D,,A,,A,,A,,A,,A,,A,1,D,2,D
20231,05255561,22,0,1,01,D,100,D,.0400,D,30000,D,15,D,250,D,,B,,B,,B,,B,28,D,122,D,122,D,123,D,100,D,100,D,99,D,,A,10,D,2022,D,1,D,,A,30000,D,29878,D,29756,D,01,D,,A,,A,,A,,A,,A,,A,1,D,2,D
20231,05256101,16,0,1,01,D,100,D,.0609,D,62795,D,10,D,700,D,,A,,A,,A,,A,0,D,,A,,A,381,D,,A,,A,319,D,,A,12,D,2022,D,1,D,,A,,A,,A,62795,D,01,D,,A,,A,,A,,A,,A,,A,1,D,2,D
20231,05256141,32,0,1,01,D,100,D,.0700,D,120000,D,20,D,930,D,,A,,A,,A,,A,0,D,,A,,A,,A,,A,,A,,A,,A,08,D,2003,D,2,D,,A,9012,D,8134,D,7251,D,01,D,1,D,,A,,A,800,D,900,D,900,D,1,D,2,D
20231,05259191,27,0,1,01,D,100,D,.0400,D,98300,D,15,D,885,D,,B,,B,,B,,B,158,D,,A,399,D,401,D,,A,328,D,326,D,,A,11,D,2022,D,1,D,,A,,A,98300,D,97901,D,01,D,,A,,A,,A,,A,,A,,A,1,D,2,D
20231,05265321,23,0,1,01,D,100,D,.0450,D,80000,D,16,D,590,D,,B,,B,,B,,B,5,D,384,D,386,D,387,D,201,D,199,D,198,D,,A,03,D,2016,D,1,D,,A,53468,D,53084,D,52698,D,01,D,,A,,A,,A,,A,,A,,A,1,D,2,D
20231,05266351,16,0,1,01,D,100,D,.0529,D,130000,D,15,D,1157,D,,B,,B,,B,,B,109,D,608,D,610,D,613,D,295,D,293,D,291,D,,A,03,D,2018,D,1,D,,A,99909,D,99301,D,98691,D,01,D,,A,,A,,A,,A,,A,,A,1,D,2,D
20231,05269691,18,0,1,01,D,100,D,.0371,F,60000,F,5,F,1097,F,,C,,C,,C,,C,0,F,949,F,952,F,955,F,148,F,145,F,142,F,,A,10,F,2021,F,1,F,,A,47928,F,46979,F,46028,F,01,D,,C,,C,,C,,A,,A,,A,,C,,A
20231,05271851,25,0,1,01,D,100,D,.0450,D,20000,D,1,D,2000,D,,B,,B,,B,,B,292,D,1671,T,1679,T,1569,T,32,D,25,D,19,D,,A,04,D,2022,D,1,D,,A,8440,D,6763,D,5081,D,01,D,,A,,A,,A,,A,,A,,A,1,D,2,D
20231,05276961,35,0,1,01,D,100,D,.0386,F,25000,F,10,F,300,F,,B,,B,,B,,B,49,F,183,F,184,F,184,F,68,F,67,F,67,F,,A,12,F,2020,F,1,F,,A,21118,F,20935,F,20751,F,01,D,,A,,A,,A,,A,,A,,A,1,D,2,D
20231,05276971,14,0,1,01,D,100,D,.0386,D,198844,D,10,D,2000,D,,A,,A,,A,,A,0,D,1498,D,1503,D,1569,T,502,D,497,D,492,D,,A,06,D,2020,D,1,D,,A,156071,D,154573,D,153070,D,01,D,,A,,A,,A,,A,,A,,A,1,D,2,D
20231,05277221,19,0,1,01,D,100,D,.0609,F,50000,F,10,F,1000,F,,B,,B,,B,,B,443,F,316,F,317,F,319,F,241,F,240,F,238,F,,A,03,F,2022,F,1,F,,A,47530,F,47215,F,46897,F,01,D,,A,,A,,A,,A,,A,,A,1,D,2,D
20231,05277231,29,0,1,01,D,100,D,.0450,F,193000,F,10,F,2200,F,,B,,B,,B,,B,200,F,0,F,0,F,0,F,2000,F,2000,F,2000,F,112022,F,04,F,2021,F,1,F,,A,193000,F,193000,F,193000,F,01,D,1,D,,A,,A,,A,,A,,A,,A,2,D
20231,05278311,10,0,1,01,D,100,D,.0386,F,198844,F,10,F,2000,F,,A,,A,,A,,A,0,F,1498,F,1503,F,1569,V,502,F,497,F,492,F,,A,06,F,2020,F,1,F,,A,156071,F,154573,F,153070,F,01,D,,A,,A,,A,,A,,A,,A,1,D,2,D
20231,05279754,26,0,1,01,D,200,D,.0500,D,100000,D,24,D,640,D,,A,,A,5,D,,A,0,F,,A,,A,,A,,A,,A,,A,,A,01,F,2023,D,1,D,,A,,A,100000,F,,A,01,D,,A,,A,,A,,A,,A,,A,1,D,2,D
20231,05280661,43,0,1,01,D,100,D,.0386,D,10000,D,5,D,184,D,,A,,A,,A,,A,0,D,167,D,168,D,168,D,17,D,16,D,16,D,,A,06,D,2020,D,1,D,,A,5226,D,5059,D,4891,D,01,D,,A,,A,,A,,A,,A,,A,1,D,2,D
20231,05283521,20,0,1,01,D,100,D,.0386,F,198844,F,10,F,2000,F,,A,,A,,A,,A,0,F,1498,F,1503,F,1569,V,502,F,497,F,492,F,,A,06,F,2020,F,1,F,,A,156071,F,154573,F,153070,F,01,D,,A,,A,,A,,A,,A,,A,1,D,2,D
