"QYEAR","NEWID","SEQNO","ALCNO","REC_ORIG","CRMCODEA","CRMC_DEA","ADVMATX","ADVMATX_","MATNSPCX","MATN_PCX","CRMCDA1","CRMCDA1_","CRMCDA2","CRMCDA2_","CRMCDA3","CRMCDA3_","CRMCDA4","CRMCDA4_","CRMCDA5","CRMCDA5_","CRMCDA6","CRMCDA6_","CRMCDA7","CRMCDA7_","CRMCDA8","CRMCDA8_","CRMCDA9","CRMCDA9_"
"20161","03089134",15,0,"1","300","D",37,"D",.,"A",,"A",,"A",,"A",,"A",,"A",,"A",,"A",,"A",,"A"
"20161","03093034",4,0,"1","140","D",70,"D",.,"A",,"A",,"A",,"A",,"A",,"A",,"A",,"A",,"A",,"A"
"20161","03093474",9,0,"1","300","D",144,"D",.,"A",,"A",,"A",,"A",,"A",,"A",,"A",,"A",,"A",,"A"
"20161","03095734",2,0,"1","200","D",45,"D",.,"A",,"A",,"A",,"A",,"A",,"A",,"A",,"A",,"A",,"A"
"20161","03095984",7,0,"1",,"A",.,"A",90,"D",,"A",,"A",,"A",,"A",,"A",,"A",,"A",,"A",,"A"
"20161","03096784",5,0,"1",,"A",.,"A",35,"D",,"A",,"A",,"A",,"A",,"A",,"A",,"A",,"A",,"A"
"20161","03097834",19,0,"1",,"A",.,"A",200,"D",,"A",,"A",,"A",,"A",,"A",,"A",,"A",,"A",,"A"
"20161","03099164",9,0,"1","300","D",45,"D",.,"A",,"A",,"A",,"A",,"A",,"A",,"A",,"A",,"A",,"A"
"20161","03101694",3,0,"1","130","D",3600,"D",.,"A",,"A",,"A",,"A",,"A",,"A",,"A",,"A",,"A",,"A"
"20161","03108764",1,0,"1","130","D",1700,"D",.,"A",,"A",,"A",,"A",,"A",,"A",,"A",,"A",,"A",,"A"
"20161","03110174",12,0,"1","300","D",500,"D",.,"A",,"A",,"A",,"A",,"A",,"A",,"A",,"A",,"A",,"A"
"20161","03110694",12,0,"1","175","D",100,"D",.,"A",,"A",,"A",,"A",,"A",,"A",,"A",,"A",,"A",,"A"
"20161","03144094",5,0,"1","300","D",250,"D",.,"A",,"A",,"A",,"A",,"A",,"A",,"A",,"A",,"A",,"A"
"20161","03145264",8,0,"1","300","D",350,"D",.,"A",,"A",,"A",,"A",,"A",,"A",,"A",,"A",,"A",,"A"
"20161","03146094",4,0,"1","200","D",100,"D",.,"A",,"A",,"A",,"A",,"A",,"A",,"A",,"A",,"A",,"A"
"20161","03147344",3,0,"1","140","D",700,"D",.,"A",,"A",,"A",,"A",,"A",,"A",,"A",,"A",,"A",,"A"
"20161","03148004",6,0,"1",,"A",.,"A",30,"D",,"A",,"A",,"A",,"A",,"A",,"A",,"A",,"A",,"A"
"20161","03149214",9,0,"1","300","D",100,"D",.,"A",,"A",,"A",,"A",,"A",,"A",,"A",,"A",,"A",,"A"
"20161","03150254",6,0,"1",,"A",.,"A",50,"D",,"A",,"A",,"A",,"A",,"A",,"A",,"A",,"A",,"A"
"20161","03151094",6,0,"1","175","D",200,"D",.,"A",,"A",,"A",,"A",,"A",,"A",,"A",,"A",,"A",,"A"
"20161","03164704",6,0,"1","280","D",2000,"D",75,"D",,"A",,"A",,"A",,"A",,"A",,"A",,"A",,"A",,"A"
"20161","03167124",10,0,"1","300","D",58,"D",.,"A",,"A",,"A",,"A",,"A",,"A",,"A",,"A",,"A",,"A"
"20161","03168154",12,0,"1","210","D",40,"D",160,"D",,"A",,"A",,"A",,"A",,"A",,"A",,"A",,"A",,"A"
"20161","03168394",11,0,"1","150","D",95,"D",.,"A",,"A",,"A",,"A",,"A",,"A",,"A",,"A",,"A",,"A"
"20161","03168574",2,0,"1","300","D",170,"D",.,"A",,"A",,"A",,"A",,"A",,"A",,"A",,"A",,"A",,"A"
"20161","03169234",2,0,"1",,"A",.,"A",165,"D",,"A",,"A",,"A",,"A",,"A",,"A",,"A",,"A",,"A"
"20161","03169394",13,0,"1",,"A",.,"A",500,"D",,"A",,"A",,"A",,"A",,"A",,"A",,"A",,"A",,"A"
"20161","03169754",11,0,"1",,"A",.,"A",100,"D",,"A",,"A",,"A",,"A",,"A",,"A",,"A",,"A",,"A"
"20161","03170534",8,0,"1","130","D",85,"D",.,"A",,"A",,"A",,"A",,"A",,"A",,"A",,"A",,"A",,"A"
"20161","03173264",7,0,"1","110","D",6000,"D",.,"A",,"A",,"A",,"A",,"A",,"A",,"A",,"A",,"A",,"A"
"20161","03173444",8,0,"1","175","D",50,"D",.,"A",,"A",,"A",,"A",,"A",,"A",,"A",,"A",,"A",,"A"
"20161","03173644",3,0,"1","210","D",300,"D",.,"A",,"A",,"A",,"A",,"A",,"A",,"A",,"A",,"A",,"A"
"20161","03174034",12,0,"1","200","D",110,"D",.,"A",,"A",,"A",,"A",,"A",,"A",,"A",,"A",,"A",,"A"
"20161","03184723",7,0,"1","300","D",300,"D",60,"D",,"A",,"A",,"A",,"A",,"A",,"A",,"A",,"A",,"A"
"20161","03185233",7,0,"1","175","D",90,"D",.,"A",,"A",,"A",,"A",,"A",,"A",,"A",,"A",,"A",,"A"
"20161","03185613",4,0,"1","140","D",120,"D",.,"A",,"A",,"A",,"A",,"A",,"A",,"A",,"A",,"A",,"A"
"20161","03186813",2,0,"1","175","D",100,"D",.,"A",,"A",,"A",,"A",,"A",,"A",,"A",,"A",,"A",,"A"
"20161","03188003",3,0,"1","140","D",172,"D",172,"D",,"A",,"A",,"A",,"A",,"A",,"A",,"A",,"A",,"A"
"20161","03188333",3,0,"1",,"A",.,"A",35,"D",,"A",,"A",,"A",,"A",,"A",,"A",,"A",,"A",,"A"
"20161","03189133",12,0,"1","175","D",50,"D",.,"A",,"A",,"A",,"A",,"A",,"A",,"A",,"A",,"A",,"A"
"20161","03189373",11,0,"1","300","D",700,"D",.,"A",,"A",,"A",,"A",,"A",,"A",,"A",,"A",,"A",,"A"
"20161","03189793",6,0,"1","300","D",50,"D",.,"A",,"A",,"A",,"A",,"A",,"A",,"A",,"A",,"A",,"A"
"20161","03192433",9,0,"1","150","D",45,"D",.,"A",,"A",,"A",,"A",,"A",,"A",,"A",,"A",,"A",,"A"
"20161","03192693",9,0,"1",,"A",.,"A",550,"D",,"A",,"A",,"A",,"A",,"A",,"A",,"A",,"A",,"A"
"20161","03192913",7,0,"1","300","D",17,"D",.,"A",,"A",,"A",,"A",,"A",,"A",,"A",,"A",,"A",,"A"
"20161","03194103",17,0,"1","300","D",50,"D",.,"A",,"A",,"A",,"A",,"A",,"A",,"A",,"A",,"A",,"A"
"20161","03194903",14,0,"1","235","D",980,"D",.,"A",,"A",,"A",,"A",,"A",,"A",,"A",,"A",,"A",,"A"
"20161","03195293",10,0,"1","140","D",70,"D",.,"A",,"A",,"A",,"A",,"A",,"A",,"A",,"A",,"A",,"A"
"20161","03209113",12,0,"1","300","D",58,"D",.,"A",,"A",,"A",,"A",,"A",,"A",,"A",,"A",,"A",,"A"
"20161","03209123",16,0,"1",,"A",.,"A",18,"D",,"A",,"A",,"A",,"A",,"A",,"A",,"A",,"A",,"A"
"20161","03209243",8,0,"1","130","D",125,"D",.,"A",,"A",,"A",,"A",,"A",,"A",,"A",,"A",,"A",,"A"
"20161","03210603",13,0,"1","300","D",75,"D",.,"A",,"A",,"A",,"A",,"A",,"A",,"A",,"A",,"A",,"A"
"20161","03212983",7,0,"1","130","D",30,"D",.,"A",,"A",,"A",,"A",,"A",,"A",,"A",,"A",,"A",,"A"
"20161","03213343",5,0,"1","300","D",25,"D",.,"A",,"A",,"A",,"A",,"A",,"A",,"A",,"A",,"A",,"A"
"20161","03213573",3,0,"1","300","D",100,"D",.,"A",,"A",,"A",,"A",,"A",,"A",,"A",,"A",,"A",,"A"
"20161","03213753",22,0,"1","130","D",880,"D",.,"A",,"A",,"A",,"A",,"A",,"A",,"A",,"A",,"A",,"A"
"20161","03214593",3,0,"1",,"A",.,"A",400,"D",,"A",,"A",,"A",,"A",,"A",,"A",,"A",,"A",,"A"
"20161","03215373",5,0,"1","175","D",35,"D",.,"A",,"A",,"A",,"A",,"A",,"A",,"A",,"A",,"A",,"A"
"20161","03215493",6,0,"1","300","D",300,"D",.,"A",,"A",,"A",,"A",,"A",,"A",,"A",,"A",,"A",,"A"
"20161","03216393",24,0,"1",,"A",.,"A",90,"D",,"A",,"A",,"A",,"A",,"A",,"A",,"A",,"A",,"A"
"20161","03227483",13,0,"1","300","D",200,"D",.,"A",,"A",,"A",,"A",,"A",,"A",,"A",,"A",,"A",,"A"
"20161","03227893",6,0,"1","300","D",300,"D",.,"A",,"A",,"A",,"A",,"A",,"A",,"A",,"A",,"A",,"A"
"20161","03228843",3,0,"1",,"A",.,"A",250,"D",,"A",,"A",,"A",,"A",,"A",,"A",,"A",,"A",,"A"
"20161","03229133",5,0,"1",,"A",.,"A",300,"D",,"A",,"A",,"A",,"A",,"A",,"A",,"A",,"A",,"A"
"20161","03229523",38,0,"1","300","D",200,"F",.,"A",,"A",,"A",,"A",,"A",,"A",,"A",,"A",,"A",,"A"
"20161","03232433",2,0,"1",,"A",.,"A",8,"D",,"A",,"A",,"A",,"A",,"A",,"A",,"A",,"A",,"A"
"20161","03236203",5,0,"1","235","D",60,"D",.,"A",,"A",,"A",,"A",,"A",,"A",,"A",,"A",,"A",,"A"
"20161","03236623",8,0,"1",,"A",.,"A",100,"D",,"A",,"A",,"A",,"A",,"A",,"A",,"A",,"A",,"A"
"20161","03249802",14,0,"1",,"A",.,"A",80,"D",,"A",,"A",,"A",,"A",,"A",,"A",,"A",,"A",,"A"
"20161","03250012",32,0,"1","175","D",60,"D",.,"A",,"A",,"A",,"A",,"A",,"A",,"A",,"A",,"A",,"A"
"20161","03251692",17,0,"1","130","D",130,"D",5,"D",,"A",,"A",,"A",,"A",,"A",,"A",,"A",,"A",,"A"
"20161","03252692",5,0,"1","175","D",50,"D",.,"A",,"A",,"A",,"A",,"A",,"A",,"A",,"A",,"A",,"A"
"20161","03252732",12,3,"1","210","D",204,"E",.,"A",,"A",,"A",,"A",,"A",,"A",,"A",,"A",,"A",,"A"
"20161","03252732",12,2,"1","200","D",13,"E",.,"A",,"A",,"A",,"A",,"A",,"A",,"A",,"A",,"A",,"A"
"20161","03252732",12,1,"1","175","D",33,"E",.,"A",,"A",,"A",,"A",,"A",,"A",,"A",,"A",,"A",,"A"
"20161","03252732",12,0,"1","310","D",.,"H",.,"A","310","D","175","D",,"A",,"A",,"A",,"A",,"A",,"A",,"A"
"20161","03253492",4,0,"1",,"A",.,"A",170,"D",,"A",,"A",,"A",,"A",,"A",,"A",,"A",,"A",,"A"
"20161","03254322",13,0,"1","130","D",500,"D",150,"D",,"A",,"A",,"A",,"A",,"A",,"A",,"A",,"A",,"A"
"20161","03254522",21,0,"1","130","D",245,"D",.,"A",,"A",,"A",,"A",,"A",,"A",,"A",,"A",,"A",,"A"
"20161","03256162",11,5,"1","300","D",181,"E",.,"A",,"A",,"A",,"A",,"A",,"A",,"A",,"A",,"A",,"A"
"20161","03256162",11,4,"1","235","D",2174,"E",.,"A",,"A",,"A",,"A",,"A",,"A",,"A",,"A",,"A",,"A"
"20161","03256162",11,3,"1","200","D",162,"E",.,"A",,"A",,"A",,"A",,"A",,"A",,"A",,"A",,"A",,"A"
"20161","03256162",11,2,"1","175","D",159,"E",.,"A",,"A",,"A",,"A",,"A",,"A",,"A",,"A",,"A",,"A"
"20161","03256162",11,1,"1","130","D",724,"E",.,"A",,"A",,"A",,"A",,"A",,"A",,"A",,"A",,"A",,"A"
"20161","03256162",11,0,"1","310","D",.,"H",.,"A","310","D","290","D",,"A",,"A",,"A",,"A",,"A",,"A",,"A"
"20161","03257382",8,1,"1","175","D",136,"E",.,"A",,"A",,"A",,"A",,"A",,"A",,"A",,"A",,"A",,"A"
"20161","03257382",8,0,"1","310","D",.,"H",.,"A","160","D","175","D",,"A",,"A",,"A",,"A",,"A",,"A",,"A"
"20161","03257682",10,0,"1","175","D",30,"D",.,"A",,"A",,"A",,"A",,"A",,"A",,"A",,"A",,"A",,"A"
"20161","03258002",13,0,"1","300","D",13,"D",.,"A",,"A",,"A",,"A",,"A",,"A",,"A",,"A",,"A",,"A"
"20161","03258152",3,0,"1",,"A",.,"A",100,"D",,"A",,"A",,"A",,"A",,"A",,"A",,"A",,"A",,"A"
"20161","03270112",8,0,"1","175","D",50,"D",.,"A",,"A",,"A",,"A",,"A",,"A",,"A",,"A",,"A",,"A"
"20161","03270712",5,0,"1",,"A",.,"A",20,"D",,"A",,"A",,"A",,"A",,"A",,"A",,"A",,"A",,"A"
"20161","03271052",10,0,"1","210","D",40,"D",.,"A",,"A",,"A",,"A",,"A",,"A",,"A",,"A",,"A",,"A"
"20161","03271282",4,0,"1","220","D",500,"D",.,"A",,"A",,"A",,"A",,"A",,"A",,"A",,"A",,"A",,"A"
"20161","03273962",9,0,"1","210","D",26,"D",.,"A",,"A",,"A",,"A",,"A",,"A",,"A",,"A",,"A",,"A"
"20161","03275912",13,0,"1",,"A",.,"A",300,"D",,"A",,"A",,"A",,"A",,"A",,"A",,"A",,"A",,"A"
"20161","03276372",6,0,"1","200","D",200,"D",.,"A",,"A",,"A",,"A",,"A",,"A",,"A",,"A",,"A",,"A"
"20161","03277022",14,0,"1","300","D",200,"D",.,"A",,"A",,"A",,"A",,"A",,"A",,"A",,"A",,"A",,"A"
"20161","03279674",5,0,"1","175","D",27,"D",.,"A",,"A",,"A",,"A",,"A",,"A",,"A",,"A",,"A",,"A"
"20161","03279792",5,0,"1",,"A",.,"A",36,"D",,"A",,"A",,"A",,"A",,"A",,"A",,"A",,"A",,"A"
"20161","03292202",2,0,"1","130","D",1300,"D",.,"A",,"A",,"A",,"A",,"A",,"A",,"A",,"A",,"A",,"A"
"20161","03293602",7,0,"1",,"A",.,"A",800,"D",,"A",,"A",,"A",,"A",,"A",,"A",,"A",,"A",,"A"
"20161","03294032",6,0,"1",,"A",.,"A",25,"D",,"A",,"A",,"A",,"A",,"A",,"A",,"A",,"A",,"A"
"20161","03295102",6,0,"1","200","D",80,"D",.,"A",,"A",,"A",,"A",,"A",,"A",,"A",,"A",,"A",,"A"
"20161","03295242",5,0,"1",,"A",.,"A",350,"D",,"A",,"A",,"A",,"A",,"A",,"A",,"A",,"A",,"A"
"20161","03295762",5,0,"1","120","D",225,"D",.,"A",,"A",,"A",,"A",,"A",,"A",,"A",,"A",,"A",,"A"
"20161","03297602",1,0,"1","175","D",68,"D",.,"A",,"A",,"A",,"A",,"A",,"A",,"A",,"A",,"A",,"A"
"20161","03297642",16,0,"1","130","D",120,"D",.,"A",,"A",,"A",,"A",,"A",,"A",,"A",,"A",,"A",,"A"
"20161","03297822",17,0,"1",,"A",.,"A",50,"D",,"A",,"A",,"A",,"A",,"A",,"A",,"A",,"A",,"A"
"20161","03298412",5,0,"1","300","D",200,"D",.,"A",,"A",,"A",,"A",,"A",,"A",,"A",,"A",,"A",,"A"
"20161","03299392",7,0,"1",,"A",.,"A",70,"D",,"A",,"A",,"A",,"A",,"A",,"A",,"A",,"A",,"A"
"20161","03300072",10,0,"1",,"A",.,"A",1000,"D",,"A",,"A",,"A",,"A",,"A",,"A",,"A",,"A",,"A"
"20161","03300232",8,0,"1","175","D",300,"D",.,"A",,"A",,"A",,"A",,"A",,"A",,"A",,"A",,"A",,"A"
"20161","03300512",3,0,"1","235","D",600,"D",.,"A",,"A",,"A",,"A",,"A",,"A",,"A",,"A",,"A",,"A"
"20161","03301074",2,0,"1","235","D",137,"D",.,"A",,"A",,"A",,"A",,"A",,"A",,"A",,"A",,"A",,"A"
"20161","03302622",16,0,"1","210","D",600,"D",.,"A",,"A",,"A",,"A",,"A",,"A",,"A",,"A",,"A",,"A"
"20161","03324171",15,0,"1",,"A",.,"A",400,"D",,"A",,"A",,"A",,"A",,"A",,"A",,"A",,"A",,"A"
"20161","03325631",3,0,"1","175","D",212,"D",.,"A",,"A",,"A",,"A",,"A",,"A",,"A",,"A",,"A",,"A"
"20161","03326641",4,0,"1",,"A",.,"A",1200,"D",,"A",,"A",,"A",,"A",,"A",,"A",,"A",,"A",,"A"
"20161","03326841",29,0,"1",,"A",.,"A",200,"D",,"A",,"A",,"A",,"A",,"A",,"A",,"A",,"A",,"A"
"20161","03328811",3,0,"1","190","D",11,"D",.,"A",,"A",,"A",,"A",,"A",,"A",,"A",,"A",,"A",,"A"
"20161","03329541",6,0,"1",,"A",.,"A",36,"D",,"A",,"A",,"A",,"A",,"A",,"A",,"A",,"A",,"A"
"20161","03329671",14,0,"1","300","D",300,"D",.,"A",,"A",,"A",,"A",,"A",,"A",,"A",,"A",,"A",,"A"
"20161","03331521",5,0,"1",,"A",.,"A",10,"D",,"A",,"A",,"A",,"A",,"A",,"A",,"A",,"A",,"A"
"20161","03332291",5,0,"1","175","D",50,"D",.,"A",,"A",,"A",,"A",,"A",,"A",,"A",,"A",,"A",,"A"
"20161","03332361",15,0,"1","200","D",175,"D",.,"A",,"A",,"A",,"A",,"A",,"A",,"A",,"A",,"A",,"A"
"20161","03332661",31,0,"1","175","D",40,"D",.,"A",,"A",,"A",,"A",,"A",,"A",,"A",,"A",,"A",,"A"
"20161","03332691",12,0,"1","300","D",75,"D",.,"A",,"A",,"A",,"A",,"A",,"A",,"A",,"A",,"A",,"A"
"20161","03332751",3,0,"1",,"A",.,"A",75,"F",,"A",,"A",,"A",,"A",,"A",,"A",,"A",,"A",,"A"
"20161","03332963",3,0,"1",,"A",.,"A",5,"D",,"A",,"A",,"A",,"A",,"A",,"A",,"A",,"A",,"A"
"20161","03333491",7,0,"1","175","D",15,"D",.,"A",,"A",,"A",,"A",,"A",,"A",,"A",,"A",,"A",,"A"
"20161","03335671",10,0,"1","175","D",70,"D",.,"A",,"A",,"A",,"A",,"A",,"A",,"A",,"A",,"A",,"A"
"20161","03335691",21,0,"1","290","D",25,"D",.,"A",,"A",,"A",,"A",,"A",,"A",,"A",,"A",,"A",,"A"
"20161","03335801",5,0,"1",,"A",.,"A",240,"D",,"A",,"A",,"A",,"A",,"A",,"A",,"A",,"A",,"A"
"20161","03337121",12,0,"1","175","D",100,"D",.,"A",,"A",,"A",,"A",,"A",,"A",,"A",,"A",,"A",,"A"
"20161","03338371",12,0,"1","200","D",40,"D",.,"A",,"A",,"A",,"A",,"A",,"A",,"A",,"A",,"A",,"A"
"20161","03338411",1,0,"1","280","D",270,"D",.,"A",,"A",,"A",,"A",,"A",,"A",,"A",,"A",,"A",,"A"
"20161","03338851",2,0,"1","175","D",45,"D",.,"A",,"A",,"A",,"A",,"A",,"A",,"A",,"A",,"A",,"A"
"20161","03339271",8,0,"1","130","D",1000,"D",.,"A",,"A",,"A",,"A",,"A",,"A",,"A",,"A",,"A",,"A"
"20161","03340411",11,0,"1","175","D",10,"D",.,"A",,"A",,"A",,"A",,"A",,"A",,"A",,"A",,"A",,"A"
"20161","03342071",1,0,"1","175","D",44,"D",.,"A",,"A",,"A",,"A",,"A",,"A",,"A",,"A",,"A",,"A"
"20161","03342281",5,0,"1","200","D",750,"D",.,"A",,"A",,"A",,"A",,"A",,"A",,"A",,"A",,"A",,"A"
"20161","03343071",23,0,"1",,"A",.,"A",450,"D",,"A",,"A",,"A",,"A",,"A",,"A",,"A",,"A",,"A"
"20161","03343231",17,0,"1","130","D",500,"D",.,"A",,"A",,"A",,"A",,"A",,"A",,"A",,"A",,"A",,"A"
"20161","03344261",27,0,"1","235","D",486,"D",.,"A",,"A",,"A",,"A",,"A",,"A",,"A",,"A",,"A",,"A"
"20161","03344341",30,0,"1",,"A",.,"A",50,"D",,"A",,"A",,"A",,"A",,"A",,"A",,"A",,"A",,"A"
"20161","03344561",9,0,"1",,"A",.,"A",50,"D",,"A",,"A",,"A",,"A",,"A",,"A",,"A",,"A",,"A"
"20161","03347071",2,0,"1","220","D",3300,"D",.,"A",,"A",,"A",,"A",,"A",,"A",,"A",,"A",,"A",,"A"
"20161","03348131",10,0,"1","175","D",200,"D",.,"A",,"A",,"A",,"A",,"A",,"A",,"A",,"A",,"A",,"A"
"20161","03348731",9,0,"1","175","D",101,"D",.,"A",,"A",,"A",,"A",,"A",,"A",,"A",,"A",,"A",,"A"
"20161","03349321",13,0,"1","140","D",40,"D",.,"A",,"A",,"A",,"A",,"A",,"A",,"A",,"A",,"A",,"A"
"20161","03350531",1,0,"1","175","D",45,"D",.,"A",,"A",,"A",,"A",,"A",,"A",,"A",,"A",,"A",,"A"
"20161","03350611",5,0,"1","300","D",20,"D",.,"A",,"A",,"A",,"A",,"A",,"A",,"A",,"A",,"A",,"A"
"20161","03350881",5,0,"1","300","D",25,"D",.,"A",,"A",,"A",,"A",,"A",,"A",,"A",,"A",,"A",,"A"
"20161","03351091",12,0,"1","300","D",50,"D",.,"A",,"A",,"A",,"A",,"A",,"A",,"A",,"A",,"A",,"A"
"20161","03351161",4,0,"1",,"A",.,"A",300,"D",,"A",,"A",,"A",,"A",,"A",,"A",,"A",,"A",,"A"
"20161","03351771",2,0,"1","130","D",200,"D",.,"A",,"A",,"A",,"A",,"A",,"A",,"A",,"A",,"A",,"A"
"20161","03352101",19,0,"1",,"A",.,"A",30,"D",,"A",,"A",,"A",,"A",,"A",,"A",,"A",,"A",,"A"
"20161","03352551",11,0,"1","200","D",120,"D",.,"A",,"A",,"A",,"A",,"A",,"A",,"A",,"A",,"A",,"A"
"20161","03352591",5,0,"1","300","D",350,"D",.,"A",,"A",,"A",,"A",,"A",,"A",,"A",,"A",,"A",,"A"
"20161","03352641",10,0,"1","175","D",100,"D",.,"A",,"A",,"A",,"A",,"A",,"A",,"A",,"A",,"A",,"A"
"20161","03353831",9,0,"1","130","D",4000,"D",.,"A",,"A",,"A",,"A",,"A",,"A",,"A",,"A",,"A",,"A"
"20161","03353951",10,0,"1","300","D",260,"D",60,"D",,"A",,"A",,"A",,"A",,"A",,"A",,"A",,"A",,"A"
"20161","03355962",3,1,"1","175","D",1000,"E",.,"A",,"A",,"A",,"A",,"A",,"A",,"A",,"A",,"A",,"A"
"20161","03355962",3,0,"1","310","D",.,"H",.,"A","175","D","235","D",,"A",,"A",,"A",,"A",,"A",,"A",,"A"
"20161","03355981",1,0,"1","175","D",140,"D",.,"A",,"A",,"A",,"A",,"A",,"A",,"A",,"A",,"A",,"A"
"20162","03186294",23,0,"1",,"A",.,"A",30,"D",,"A",,"A",,"A",,"A",,"A",,"A",,"A",,"A",,"A"
"20162","03186504",6,0,"1","300","D",350,"D",.,"A",,"A",,"A",,"A",,"A",,"A",,"A",,"A",,"A",,"A"
"20162","03187704",11,0,"1","235","D",210,"D",.,"A",,"A",,"A",,"A",,"A",,"A",,"A",,"A",,"A",,"A"
"20162","03189134",7,0,"1","175","D",50,"D",.,"A",,"A",,"A",,"A",,"A",,"A",,"A",,"A",,"A",,"A"
"20162","03189694",34,0,"1","175","D",53,"D",.,"A",,"A",,"A",,"A",,"A",,"A",,"A",,"A",,"A",,"A"
"20162","03190134",4,0,"1","240","D",100,"D",.,"A",,"A",,"A",,"A",,"A",,"A",,"A",,"A",,"A",,"A"
"20162","03192294",8,0,"1","175","D",150,"D",.,"A",,"A",,"A",,"A",,"A",,"A",,"A",,"A",,"A",,"A"
"20162","03192444",6,0,"1","140","D",15,"D",.,"A",,"A",,"A",,"A",,"A",,"A",,"A",,"A",,"A",,"A"
"20162","03194984",4,0,"1","130","D",23061,"T",.,"A",,"A",,"A",,"A",,"A",,"A",,"A",,"A",,"A",,"A"
"20162","03208174",6,0,"1","110","D",600,"D",.,"A",,"A",,"A",,"A",,"A",,"A",,"A",,"A",,"A",,"A"
"20162","03209104",8,0,"1","150","D",500,"D",.,"A",,"A",,"A",,"A",,"A",,"A",,"A",,"A",,"A",,"A"
"20162","03209174",8,0,"1","280","D",100,"D",.,"A",,"A",,"A",,"A",,"A",,"A",,"A",,"A",,"A",,"A"
"20162","03210604",3,0,"1","140","D",150,"D",.,"A",,"A",,"A",,"A",,"A",,"A",,"A",,"A",,"A",,"A"
"20162","03210624",3,0,"1","140","D",60,"D",.,"A",,"A",,"A",,"A",,"A",,"A",,"A",,"A",,"A",,"A"
"20162","03210894",12,0,"1",,"A",.,"A",250,"D",,"A",,"A",,"A",,"A",,"A",,"A",,"A",,"A",,"A"
"20162","03212854",3,0,"1",,"A",.,"A",60,"D",,"A",,"A",,"A",,"A",,"A",,"A",,"A",,"A",,"A"
"20162","03214594",2,0,"1",,"A",.,"A",500,"D",,"A",,"A",,"A",,"A",,"A",,"A",,"A",,"A",,"A"
"20162","03215374",7,0,"1","175","D",120,"D",.,"A",,"A",,"A",,"A",,"A",,"A",,"A",,"A",,"A",,"A"
"20162","03215474",9,0,"1","175","D",70,"D",.,"A",,"A",,"A",,"A",,"A",,"A",,"A",,"A",,"A",,"A"
"20162","03216074",4,0,"1","300","D",215,"D",.,"A",,"A",,"A",,"A",,"A",,"A",,"A",,"A",,"A",,"A"
"20162","03227404",10,0,"1",,"A",.,"A",80,"D",,"A",,"A",,"A",,"A",,"A",,"A",,"A",,"A",,"A"
"20162","03227464",4,0,"1","300","D",50,"D",.,"A",,"A",,"A",,"A",,"A",,"A",,"A",,"A",,"A",,"A"
"20162","03229134",5,0,"1",,"A",.,"A",600,"D",,"A",,"A",,"A",,"A",,"A",,"A",,"A",,"A",,"A"
"20162","03229914",10,0,"1",,"A",.,"A",144,"D",,"A",,"A",,"A",,"A",,"A",,"A",,"A",,"A",,"A"
"20162","03233954",3,0,"1","130","D",1000,"D",.,"A",,"A",,"A",,"A",,"A",,"A",,"A",,"A",,"A",,"A"
"20162","03235714",13,0,"1",,"A",.,"A",400,"D",,"A",,"A",,"A",,"A",,"A",,"A",,"A",,"A",,"A"
"20162","03235824",11,0,"1","260","D",200,"D",.,"A",,"A",,"A",,"A",,"A",,"A",,"A",,"A",,"A",,"A"
"20162","03236424",14,0,"1",,"A",.,"A",10,"D",,"A",,"A",,"A",,"A",,"A",,"A",,"A",,"A",,"A"
"20162","03236484",1,0,"1",,"A",.,"A",500,"D",,"A",,"A",,"A",,"A",,"A",,"A",,"A",,"A",,"A"
"20162","03238034",11,0,"1","175","D",150,"D",.,"A",,"A",,"A",,"A",,"A",,"A",,"A",,"A",,"A",,"A"
"20162","03249953",8,0,"1",,"A",.,"A",150,"D",,"A",,"A",,"A",,"A",,"A",,"A",,"A",,"A",,"A"
"20162","03250293",7,0,"1","160","D",100,"D",.,"A",,"A",,"A",,"A",,"A",,"A",,"A",,"A",,"A",,"A"
"20162","03250394",3,0,"1","130","D",800,"D",.,"A",,"A",,"A",,"A",,"A",,"A",,"A",,"A",,"A",,"A"
"20162","03250963",9,0,"1","190","D",800,"D",.,"A",,"A",,"A",,"A",,"A",,"A",,"A",,"A",,"A",,"A"
"20162","03251663",8,0,"1","175","D",71,"D",.,"A",,"A",,"A",,"A",,"A",,"A",,"A",,"A",,"A",,"A"
"20162","03251693",11,0,"1","280","D",33,"D",.,"A",,"A",,"A",,"A",,"A",,"A",,"A",,"A",,"A",,"A"
"20162","03252393",14,0,"1",,"A",.,"A",200,"D",,"A",,"A",,"A",,"A",,"A",,"A",,"A",,"A",,"A"
"20162","03252803",20,0,"1",,"A",.,"A",30,"D",,"A",,"A",,"A",,"A",,"A",,"A",,"A",,"A",,"A"
"20162","03253923",1,0,"1",,"A",.,"A",3000,"D",,"A",,"A",,"A",,"A",,"A",,"A",,"A",,"A",,"A"
"20162","03254373",6,0,"1","175","D",400,"D",1000,"D",,"A",,"A",,"A",,"A",,"A",,"A",,"A",,"A",,"A"
"20162","03256353",4,0,"1","130","D",3000,"D",.,"A",,"A",,"A",,"A",,"A",,"A",,"A",,"A",,"A",,"A"
"20162","03256733",25,0,"1",,"A",.,"A",145,"D",,"A",,"A",,"A",,"A",,"A",,"A",,"A",,"A",,"A"
"20162","03256763",6,0,"1",,"A",.,"A",7,"D",,"A",,"A",,"A",,"A",,"A",,"A",,"A",,"A",,"A"
"20162","03257303",4,0,"1","175","D",850,"D",.,"A",,"A",,"A",,"A",,"A",,"A",,"A",,"A",,"A",,"A"
"20162","03257453",7,0,"1","260","D",10,"D",.,"A",,"A",,"A",,"A",,"A",,"A",,"A",,"A",,"A",,"A"
"20162","03270653",7,0,"1","110","D",1000,"D",.,"A",,"A",,"A",,"A",,"A",,"A",,"A",,"A",,"A",,"A"
"20162","03270713",6,0,"1",,"A",.,"A",260,"D",,"A",,"A",,"A",,"A",,"A",,"A",,"A",,"A",,"A"
"20162","03271043",3,0,"1","300","D",85,"D",.,"A",,"A",,"A",,"A",,"A",,"A",,"A",,"A",,"A",,"A"
"20162","03271303",6,0,"1","300","D",5000,"D",.,"A",,"A",,"A",,"A",,"A",,"A",,"A",,"A",,"A",,"A"
"20162","03273374",6,0,"1",,"A",.,"A",25,"D",,"A",,"A",,"A",,"A",,"A",,"A",,"A",,"A",,"A"
"20162","03274163",4,0,"1","175","D",180,"D",.,"A",,"A",,"A",,"A",,"A",,"A",,"A",,"A",,"A",,"A"
"20162","03274493",7,0,"1","310","D",.,"H",.,"A","190","D","200","D","210","D","220","D","235","D","240","D","260","D","280","D","110","D"
"20162","03274493",7,1,"1","240","D",23061,"U",.,"A",,"A",,"A",,"A",,"A",,"A",,"A",,"A",,"A",,"A"
"20162","03274493",7,2,"1","260","D",3818,"E",.,"A",,"A",,"A",,"A",,"A",,"A",,"A",,"A",,"A",,"A"
"20162","03275203",10,0,"1","300","D",123,"D",.,"A",,"A",,"A",,"A",,"A",,"A",,"A",,"A",,"A",,"A"
"20162","03275913",8,0,"1","310","D",.,"H",.,"A","300","D","140","D",,"A",,"A",,"A",,"A",,"A",,"A",,"A"
"20162","03275913",8,1,"1","300","D",207,"E",.,"A",,"A",,"A",,"A",,"A",,"A",,"A",,"A",,"A",,"A"
"20162","03275913",8,2,"1","140","D",123,"E",.,"A",,"A",,"A",,"A",,"A",,"A",,"A",,"A",,"A",,"A"
"20162","03276323",9,0,"1",,"A",.,"A",200,"D",,"A",,"A",,"A",,"A",,"A",,"A",,"A",,"A",,"A"
"20162","03279443",7,0,"1","140","D",19,"D",.,"A",,"A",,"A",,"A",,"A",,"A",,"A",,"A",,"A",,"A"
"20162","03280233",3,0,"1","130","D",65,"D",30,"D",,"A",,"A",,"A",,"A",,"A",,"A",,"A",,"A",,"A"
"20162","03280523",4,0,"1","280","D",300,"F",.,"A",,"A",,"A",,"A",,"A",,"A",,"A",,"A",,"A",,"A"
"20162","03281073",8,0,"1","175","D",27,"D",.,"A",,"A",,"A",,"A",,"A",,"A",,"A",,"A",,"A",,"A"
"20162","03293683",11,0,"1",,"A",.,"A",3402,"D",,"A",,"A",,"A",,"A",,"A",,"A",,"A",,"A",,"A"
"20162","03294033",8,0,"1",,"A",.,"A",25,"D",,"A",,"A",,"A",,"A",,"A",,"A",,"A",,"A",,"A"
"20162","03294343",14,0,"1","300","D",150,"D",.,"A",,"A",,"A",,"A",,"A",,"A",,"A",,"A",,"A",,"A"
"20162","03295243",3,0,"1",,"A",.,"A",160,"D",,"A",,"A",,"A",,"A",,"A",,"A",,"A",,"A",,"A"
"20162","03296403",4,0,"1",,"A",.,"A",300,"D",,"A",,"A",,"A",,"A",,"A",,"A",,"A",,"A",,"A"
"20162","03296813",2,0,"1",,"A",.,"A",100,"D",,"A",,"A",,"A",,"A",,"A",,"A",,"A",,"A",,"A"
"20162","03299163",3,0,"1","175","D",50,"D",.,"A",,"A",,"A",,"A",,"A",,"A",,"A",,"A",,"A",,"A"
"20162","03299483",7,0,"1","110","D",1300,"D",.,"A",,"A",,"A",,"A",,"A",,"A",,"A",,"A",,"A",,"A"
"20162","03300373",3,0,"1","175","D",79,"D",.,"A",,"A",,"A",,"A",,"A",,"A",,"A",,"A",,"A",,"A"
"20162","03300573",5,0,"1","130","D",500,"D",.,"A",,"A",,"A",,"A",,"A",,"A",,"A",,"A",,"A",,"A"
"20162","03300713",6,0,"1","300","D",150,"D",.,"A",,"A",,"A",,"A",,"A",,"A",,"A",,"A",,"A",,"A"
"20162","03300973",10,0,"1","160","D",40,"D",.,"A",,"A",,"A",,"A",,"A",,"A",,"A",,"A",,"A",,"A"
"20162","03303123",5,0,"1","310","D",.,"H",.,"A","175","D","160","D","260","D",,"A",,"A",,"A",,"A",,"A",,"A"
"20162","03303123",5,1,"1","175","D",6000,"E",.,"A",,"A",,"A",,"A",,"A",,"A",,"A",,"A",,"A",,"A"
"20162","03303123",5,2,"1","160","D",4000,"E",.,"A",,"A",,"A",,"A",,"A",,"A",,"A",,"A",,"A",,"A"
"20162","03303123",5,3,"1","260","D",8000,"E",.,"A",,"A",,"A",,"A",,"A",,"A",,"A",,"A",,"A",,"A"
"20162","03324932",7,0,"1",,"A",.,"A",50,"D",,"A",,"A",,"A",,"A",,"A",,"A",,"A",,"A",,"A"
"20162","03325582",3,0,"1",,"A",.,"A",400,"D",,"A",,"A",,"A",,"A",,"A",,"A",,"A",,"A",,"A"
"20162","03325602",4,0,"1","290","D",20,"D",.,"A",,"A",,"A",,"A",,"A",,"A",,"A",,"A",,"A",,"A"
"20162","03327562",7,0,"1","175","D",40,"D",.,"A",,"A",,"A",,"A",,"A",,"A",,"A",,"A",,"A",,"A"
"20162","03328812",10,0,"1",,"A",.,"A",30,"D",,"A",,"A",,"A",,"A",,"A",,"A",,"A",,"A",,"A"
"20162","03328982",3,0,"1","260","D",30,"D",.,"A",,"A",,"A",,"A",,"A",,"A",,"A",,"A",,"A",,"A"
"20162","03329892",4,0,"1",,"A",.,"A",600,"D",,"A",,"A",,"A",,"A",,"A",,"A",,"A",,"A",,"A"
"20162","03330242",46,0,"1","120","D",250,"D",.,"A",,"A",,"A",,"A",,"A",,"A",,"A",,"A",,"A",,"A"
"20162","03330652",6,0,"1","130","D",500,"D",.,"A",,"A",,"A",,"A",,"A",,"A",,"A",,"A",,"A",,"A"
"20162","03331512",15,0,"1","300","D",187,"D",.,"A",,"A",,"A",,"A",,"A",,"A",,"A",,"A",,"A",,"A"
"20162","03332322",1,0,"1","240","D",50,"D",.,"A",,"A",,"A",,"A",,"A",,"A",,"A",,"A",,"A",,"A"
"20162","03332482",1,0,"1","140","D",50,"D",.,"A",,"A",,"A",,"A",,"A",,"A",,"A",,"A",,"A",,"A"
"20162","03332532",3,0,"1",,"A",.,"A",50,"D",,"A",,"A",,"A",,"A",,"A",,"A",,"A",,"A",,"A"
"20162","03332662",13,0,"1",,"A",.,"A",80,"D",,"A",,"A",,"A",,"A",,"A",,"A",,"A",,"A",,"A"
"20162","03332752",9,0,"1",,"A",.,"A",600,"D",,"A",,"A",,"A",,"A",,"A",,"A",,"A",,"A",,"A"
"20162","03333542",8,0,"1","300","D",200,"D",.,"A",,"A",,"A",,"A",,"A",,"A",,"A",,"A",,"A",,"A"
"20162","03335802",5,0,"1","300","D",1000,"D",.,"A",,"A",,"A",,"A",,"A",,"A",,"A",,"A",,"A",,"A"
"20162","03336042",7,0,"1",,"A",.,"A",60,"D",,"A",,"A",,"A",,"A",,"A",,"A",,"A",,"A",,"A"
"20162","03337182",15,0,"1","140","D",46,"D",.,"A",,"A",,"A",,"A",,"A",,"A",,"A",,"A",,"A",,"A"
"20162","03337832",6,0,"1","175","D",500,"D",.,"A",,"A",,"A",,"A",,"A",,"A",,"A",,"A",,"A",,"A"
"20162","03338372",5,0,"1",,"A",.,"A",20,"D",,"A",,"A",,"A",,"A",,"A",,"A",,"A",,"A",,"A"
"20162","03338852",3,0,"1","175","D",40,"D",.,"A",,"A",,"A",,"A",,"A",,"A",,"A",,"A",,"A",,"A"
"20162","03340072",8,0,"1",,"A",.,"A",35,"D",,"A",,"A",,"A",,"A",,"A",,"A",,"A",,"A",,"A"
"20162","03340402",6,0,"1",,"A",.,"A",420,"D",,"A",,"A",,"A",,"A",,"A",,"A",,"A",,"A",,"A"
"20162","03341212",14,0,"1","160","D",23,"D",.,"A",,"A",,"A",,"A",,"A",,"A",,"A",,"A",,"A",,"A"
"20162","03341512",5,0,"1","260","D",60,"D",.,"A",,"A",,"A",,"A",,"A",,"A",,"A",,"A",,"A",,"A"
"20162","03341642",3,0,"1",,"A",.,"A",79,"D",,"A",,"A",,"A",,"A",,"A",,"A",,"A",,"A",,"A"
"20162","03342952",4,0,"1","130","D",150,"D",.,"A",,"A",,"A",,"A",,"A",,"A",,"A",,"A",,"A",,"A"
"20162","03344672",10,0,"1","130","D",2500,"D",.,"A",,"A",,"A",,"A",,"A",,"A",,"A",,"A",,"A",,"A"
"20162","03344862",8,0,"1",,"A",.,"A",150,"D",,"A",,"A",,"A",,"A",,"A",,"A",,"A",,"A",,"A"
"20162","03344882",9,0,"1",,"A",.,"A",10,"D",,"A",,"A",,"A",,"A",,"A",,"A",,"A",,"A",,"A"
"20162","03345222",19,0,"1","175","D",153,"D",.,"A",,"A",,"A",,"A",,"A",,"A",,"A",,"A",,"A",,"A"
"20162","03346782",6,0,"1",,"A",.,"A",20,"D",,"A",,"A",,"A",,"A",,"A",,"A",,"A",,"A",,"A"
"20162","03347922",11,0,"1","130","D",370,"D",.,"A",,"A",,"A",,"A",,"A",,"A",,"A",,"A",,"A",,"A"
"20162","03347992",9,0,"1","300","D",300,"D",.,"A",,"A",,"A",,"A",,"A",,"A",,"A",,"A",,"A",,"A"
"20162","03349132",11,0,"1",,"A",.,"A",30,"D",,"A",,"A",,"A",,"A",,"A",,"A",,"A",,"A",,"A"
"20162","03349402",7,0,"1","110","D",2000,"D",.,"A",,"A",,"A",,"A",,"A",,"A",,"A",,"A",,"A",,"A"
"20162","03350672",2,0,"1","200","D",150,"D",.,"A",,"A",,"A",,"A",,"A",,"A",,"A",,"A",,"A",,"A"
"20162","03351162",4,0,"1",,"A",.,"A",500,"D",,"A",,"A",,"A",,"A",,"A",,"A",,"A",,"A",,"A"
"20162","03354002",5,0,"1",,"A",.,"A",100,"D",,"A",,"A",,"A",,"A",,"A",,"A",,"A",,"A",,"A"
"20162","03354632",14,0,"1",,"A",.,"A",133,"D",,"A",,"A",,"A",,"A",,"A",,"A",,"A",,"A",,"A"
"20162","03355512",3,0,"1","300","D",70,"D",.,"A",,"A",,"A",,"A",,"A",,"A",,"A",,"A",,"A",,"A"
"20162","03387001",6,0,"1","235","D",245,"D",.,"A",,"A",,"A",,"A",,"A",,"A",,"A",,"A",,"A",,"A"
"20162","03387111",7,0,"1","130","D",300,"D",.,"A",,"A",,"A",,"A",,"A",,"A",,"A",,"A",,"A",,"A"
"20162","03388281",4,0,"1",,"A",.,"A",100,"D",,"A",,"A",,"A",,"A",,"A",,"A",,"A",,"A",,"A"
"20162","03389551",3,0,"1","300","D",480,"D",.,"A",,"A",,"A",,"A",,"A",,"A",,"A",,"A",,"A",,"A"
"20162","03389611",17,0,"1","310","D",.,"H",.,"A","210","D","175","D",,"A",,"A",,"A",,"A",,"A",,"A",,"A"
"20162","03389611",17,1,"1","175","D",100,"E",.,"A",,"A",,"A",,"A",,"A",,"A",,"A",,"A",,"A",,"A"
"20162","03389751",14,0,"1","140","D",250,"D",.,"A",,"A",,"A",,"A",,"A",,"A",,"A",,"A",,"A",,"A"
"20162","03390211",1,0,"1","270","D",231,"D",.,"A",,"A",,"A",,"A",,"A",,"A",,"A",,"A",,"A",,"A"
"20162","03390711",4,0,"1","175","D",200,"D",.,"A",,"A",,"A",,"A",,"A",,"A",,"A",,"A",,"A",,"A"
"20162","03391381",8,0,"1","235","D",5500,"D",.,"A",,"A",,"A",,"A",,"A",,"A",,"A",,"A",,"A",,"A"
"20162","03392111",5,0,"1",,"A",.,"A",20,"D",,"A",,"A",,"A",,"A",,"A",,"A",,"A",,"A",,"A"
"20162","03392231",3,0,"1",,"A",.,"A",75,"D",,"A",,"A",,"A",,"A",,"A",,"A",,"A",,"A",,"A"
"20162","03392441",2,0,"1","235","D",400,"D",.,"A",,"A",,"A",,"A",,"A",,"A",,"A",,"A",,"A",,"A"
"20162","03393011",6,0,"1",,"A",.,"A",150,"D",,"A",,"A",,"A",,"A",,"A",,"A",,"A",,"A",,"A"
"20162","03394521",18,0,"1",,"A",.,"A",100,"D",,"A",,"A",,"A",,"A",,"A",,"A",,"A",,"A",,"A"
"20162","03395251",4,0,"1",,"A",.,"A",50,"D",,"A",,"A",,"A",,"A",,"A",,"A",,"A",,"A",,"A"
"20162","03395281",9,0,"1",,"A",.,"A",50,"D",,"A",,"A",,"A",,"A",,"A",,"A",,"A",,"A",,"A"
"20162","03395861",8,0,"1","140","D",59,"D",.,"A",,"A",,"A",,"A",,"A",,"A",,"A",,"A",,"A",,"A"
"20162","03396371",6,0,"1",,"A",.,"A",50,"D",,"A",,"A",,"A",,"A",,"A",,"A",,"A",,"A",,"A"
"20162","03407521",5,0,"1","310","D",.,"H",.,"A","200","D","300","D",,"A",,"A",,"A",,"A",,"A",,"A",,"A"
"20162","03407521",5,1,"1","300","D",1040,"E",.,"A",,"A",,"A",,"A",,"A",,"A",,"A",,"A",,"A",,"A"
"20162","03408281",4,0,"1","300","D",50,"D",.,"A",,"A",,"A",,"A",,"A",,"A",,"A",,"A",,"A",,"A"
"20162","03409241",5,0,"1","140","D",40,"D",.,"A",,"A",,"A",,"A",,"A",,"A",,"A",,"A",,"A",,"A"
"20162","03409281",5,0,"1","300","D",100,"D",.,"A",,"A",,"A",,"A",,"A",,"A",,"A",,"A",,"A",,"A"
"20162","03410421",10,0,"1","300","D",500,"D",.,"A",,"A",,"A",,"A",,"A",,"A",,"A",,"A",,"A",,"A"
"20162","03411051",18,0,"1","175","D",73,"D",.,"A",,"A",,"A",,"A",,"A",,"A",,"A",,"A",,"A",,"A"
"20162","03411071",8,0,"1","175","D",12,"D",.,"A",,"A",,"A",,"A",,"A",,"A",,"A",,"A",,"A",,"A"
"20162","03412241",4,0,"1",,"A",.,"A",20,"D",,"A",,"A",,"A",,"A",,"A",,"A",,"A",,"A",,"A"
"20162","03412251",11,0,"1",,"A",.,"A",300,"D",,"A",,"A",,"A",,"A",,"A",,"A",,"A",,"A",,"A"
"20162","03413351",3,0,"1",,"A",.,"A",60,"D",,"A",,"A",,"A",,"A",,"A",,"A",,"A",,"A",,"A"
"20162","03413391",7,0,"1","300","D",75,"D",.,"A",,"A",,"A",,"A",,"A",,"A",,"A",,"A",,"A",,"A"
"20162","03413491",3,0,"1","300","D",30,"D",.,"A",,"A",,"A",,"A",,"A",,"A",,"A",,"A",,"A",,"A"
"20162","03414411",14,0,"1","300","D",8,"D",.,"A",,"A",,"A",,"A",,"A",,"A",,"A",,"A",,"A",,"A"
"20162","03415131",7,0,"1","300","D",2100,"D",.,"A",,"A",,"A",,"A",,"A",,"A",,"A",,"A",,"A",,"A"
"20162","03415191",6,0,"1","175","D",30,"D",.,"A",,"A",,"A",,"A",,"A",,"A",,"A",,"A",,"A",,"A"
"20162","03416351",6,0,"1",,"A",.,"A",200,"D",,"A",,"A",,"A",,"A",,"A",,"A",,"A",,"A",,"A"
"20162","03416391",6,0,"1","300","D",5,"D",.,"A",,"A",,"A",,"A",,"A",,"A",,"A",,"A",,"A",,"A"
"20162","03416511",6,0,"1","290","D",30,"D",.,"A",,"A",,"A",,"A",,"A",,"A",,"A",,"A",,"A",,"A"
"20162","03416981",5,0,"1","100","D",100,"D",.,"A",,"A",,"A",,"A",,"A",,"A",,"A",,"A",,"A",,"A"
"20162","03417841",11,0,"1","310","D",.,"H",.,"A","140","D","175","D",,"A",,"A",,"A",,"A",,"A",,"A",,"A"
"20162","03417841",11,1,"1","140","D",182,"E",.,"A",,"A",,"A",,"A",,"A",,"A",,"A",,"A",,"A",,"A"
"20162","03417841",11,2,"1","175","D",318,"E",.,"A",,"A",,"A",,"A",,"A",,"A",,"A",,"A",,"A",,"A"
"20162","03417994",15,0,"1",,"A",.,"A",100,"D",,"A",,"A",,"A",,"A",,"A",,"A",,"A",,"A",,"A"
"20162","03418081",6,0,"1","190","D",100,"D",.,"A",,"A",,"A",,"A",,"A",,"A",,"A",,"A",,"A",,"A"
"20162","03419492",8,0,"1","300","D",350,"F",.,"A",,"A",,"A",,"A",,"A",,"A",,"A",,"A",,"A",,"A"
"20162","03420371",4,0,"1","130","D",700,"D",.,"A",,"A",,"A",,"A",,"A",,"A",,"A",,"A",,"A",,"A"
"20162","03420464",20,0,"1",,"A",.,"A",230,"D",,"A",,"A",,"A",,"A",,"A",,"A",,"A",,"A",,"A"
"20162","03422021",6,0,"1",,"A",.,"A",45,"D",,"A",,"A",,"A",,"A",,"A",,"A",,"A",,"A",,"A"
"20162","03422351",10,0,"1","140","D",200,"D",.,"A",,"A",,"A",,"A",,"A",,"A",,"A",,"A",,"A",,"A"
"20162","03423051",12,0,"1","160","D",75,"D",.,"A",,"A",,"A",,"A",,"A",,"A",,"A",,"A",,"A",,"A"
"20162","03423471",3,0,"1",,"A",.,"A",375,"D",,"A",,"A",,"A",,"A",,"A",,"A",,"A",,"A",,"A"
"20162","03423631",13,0,"1","160","D",15,"D",.,"A",,"A",,"A",,"A",,"A",,"A",,"A",,"A",,"A",,"A"
"20162","03423971",8,0,"1","175","D",130,"D",.,"A",,"A",,"A",,"A",,"A",,"A",,"A",,"A",,"A",,"A"
"20162","03424141",2,0,"1","175","D",100,"D",.,"A",,"A",,"A",,"A",,"A",,"A",,"A",,"A",,"A",,"A"
"20162","03424804",8,0,"1","140","D",1463,"D",.,"A",,"A",,"A",,"A",,"A",,"A",,"A",,"A",,"A",,"A"
"20162","03424981",3,0,"1","300","D",180,"D",.,"A",,"A",,"A",,"A",,"A",,"A",,"A",,"A",,"A",,"A"
"20162","03426001",6,0,"1","175","D",120,"F",.,"A",,"A",,"A",,"A",,"A",,"A",,"A",,"A",,"A",,"A"
"20162","03427071",12,0,"1","175","D",30,"D",.,"A",,"A",,"A",,"A",,"A",,"A",,"A",,"A",,"A",,"A"
"20162","03427611",15,0,"1","130","D",600,"D",.,"A",,"A",,"A",,"A",,"A",,"A",,"A",,"A",,"A",,"A"
"20162","03427941",7,0,"1","290","D",20,"D",.,"A",,"A",,"A",,"A",,"A",,"A",,"A",,"A",,"A",,"A"
"20162","03427971",7,0,"1","220","D",400,"D",.,"A",,"A",,"A",,"A",,"A",,"A",,"A",,"A",,"A",,"A"
"20162","03428201",7,0,"1",,"A",.,"A",200,"D",,"A",,"A",,"A",,"A",,"A",,"A",,"A",,"A",,"A"
"20162","03428531",1,0,"1","300","D",450,"D",.,"A",,"A",,"A",,"A",,"A",,"A",,"A",,"A",,"A",,"A"
"20162","03428801",17,0,"1","280","D",300,"D",.,"A",,"A",,"A",,"A",,"A",,"A",,"A",,"A",,"A",,"A"
"20162","03428941",7,0,"1",,"A",.,"A",10,"D",,"A",,"A",,"A",,"A",,"A",,"A",,"A",,"A",,"A"
"20163","03249154",1,0,"1","175","D",60,"D",.,"A",,"A",,"A",,"A",,"A",,"A",,"A",,"A",,"A",,"A"
"20163","03249954",8,0,"1",,"A",.,"A",330,"D",,"A",,"A",,"A",,"A",,"A",,"A",,"A",,"A",,"A"
"20163","03251044",6,1,"1","175","D",400,"E",.,"A",,"A",,"A",,"A",,"A",,"A",,"A",,"A",,"A",,"A"
"20163","03251044",6,0,"1","310","D",.,"H",.,"A","190","D","175","D",,"A",,"A",,"A",,"A",,"A",,"A",,"A"
"20163","03251594",6,0,"1","130","D",300,"D",.,"A",,"A",,"A",,"A",,"A",,"A",,"A",,"A",,"A",,"A"
"20163","03251664",4,0,"1","175","D",31,"D",.,"A",,"A",,"A",,"A",,"A",,"A",,"A",,"A",,"A",,"A"
"20163","03251784",18,0,"1",,"A",.,"A",30,"D",,"A",,"A",,"A",,"A",,"A",,"A",,"A",,"A",,"A"
"20163","03251994",16,0,"1","175","D",50,"D",.,"A",,"A",,"A",,"A",,"A",,"A",,"A",,"A",,"A",,"A"
"20163","03252394",14,0,"1","175","D",100,"D",.,"A",,"A",,"A",,"A",,"A",,"A",,"A",,"A",,"A",,"A"
"20163","03254524",6,0,"1","300","D",64,"D",.,"A",,"A",,"A",,"A",,"A",,"A",,"A",,"A",,"A",,"A"
"20163","03254624",4,0,"1","175","D",70,"D",.,"A",,"A",,"A",,"A",,"A",,"A",,"A",,"A",,"A",,"A"
"20163","03257334",2,0,"1","130","D",800,"D",.,"A",,"A",,"A",,"A",,"A",,"A",,"A",,"A",,"A",,"A"
"20163","03258604",9,0,"1","300","D",175,"D",.,"A",,"A",,"A",,"A",,"A",,"A",,"A",,"A",,"A",,"A"
"20163","03258784",2,0,"1","235","D",124,"D",.,"A",,"A",,"A",,"A",,"A",,"A",,"A",,"A",,"A",,"A"
"20163","03270714",6,0,"1",,"A",.,"A",30,"D",,"A",,"A",,"A",,"A",,"A",,"A",,"A",,"A",,"A"
"20163","03271374",3,0,"1","290","D",10,"D",.,"A",,"A",,"A",,"A",,"A",,"A",,"A",,"A",,"A",,"A"
"20163","03273974",4,0,"1",,"A",.,"A",25,"D",,"A",,"A",,"A",,"A",,"A",,"A",,"A",,"A",,"A"
"20163","03274804",3,0,"1",,"A",.,"A",24,"D",,"A",,"A",,"A",,"A",,"A",,"A",,"A",,"A",,"A"
"20163","03275034",5,2,"1","290","D",1,"E",.,"A",,"A",,"A",,"A",,"A",,"A",,"A",,"A",,"A",,"A"
"20163","03275034",5,3,"1","300","D",36,"E",.,"A",,"A",,"A",,"A",,"A",,"A",,"A",,"A",,"A",,"A"
"20163","03275034",5,0,"1","310","D",.,"H",.,"A","310","D","300","D",,"A",,"A",,"A",,"A",,"A",,"A",,"A"
"20163","03275034",5,1,"1","210","D",3,"E",.,"A",,"A",,"A",,"A",,"A",,"A",,"A",,"A",,"A",,"A"
"20163","03275084",8,0,"1","175","D",15,"D",.,"A",,"A",,"A",,"A",,"A",,"A",,"A",,"A",,"A",,"A"
"20163","03275774",8,0,"1","130","D",200,"D",.,"A",,"A",,"A",,"A",,"A",,"A",,"A",,"A",,"A",,"A"
"20163","03276664",2,0,"1","300","D",2800,"D",.,"A",,"A",,"A",,"A",,"A",,"A",,"A",,"A",,"A",,"A"
"20163","03277264",11,2,"1","140","D",7,"E",.,"A",,"A",,"A",,"A",,"A",,"A",,"A",,"A",,"A",,"A"
"20163","03277264",11,1,"1","300","D",3,"E",.,"A",,"A",,"A",,"A",,"A",,"A",,"A",,"A",,"A",,"A"
"20163","03277264",11,0,"1","310","D",.,"H",.,"A","300","D","140","D",,"A",,"A",,"A",,"A",,"A",,"A",,"A"
"20163","03278824",10,0,"1",,"A",.,"A",25,"D",,"A",,"A",,"A",,"A",,"A",,"A",,"A",,"A",,"A"
"20163","03292204",5,0,"1","210","D",300,"D",.,"A",,"A",,"A",,"A",,"A",,"A",,"A",,"A",,"A",,"A"
"20163","03292214",8,0,"1","140","D",50,"D",.,"A",,"A",,"A",,"A",,"A",,"A",,"A",,"A",,"A",,"A"
"20163","03293404",16,0,"1","235","D",300,"D",.,"A",,"A",,"A",,"A",,"A",,"A",,"A",,"A",,"A",,"A"
"20163","03293464",8,0,"1",,"A",.,"A",28,"D",,"A",,"A",,"A",,"A",,"A",,"A",,"A",,"A",,"A"
"20163","03295244",7,0,"1",,"A",.,"A",675,"D",,"A",,"A",,"A",,"A",,"A",,"A",,"A",,"A",,"A"
"20163","03295364",12,0,"1","140","D",3800,"D",.,"A",,"A",,"A",,"A",,"A",,"A",,"A",,"A",,"A",,"A"
"20163","03296114",5,0,"1","130","D",300,"D",.,"A",,"A",,"A",,"A",,"A",,"A",,"A",,"A",,"A",,"A"
"20163","03297604",3,0,"1",,"A",.,"A",200,"D",,"A",,"A",,"A",,"A",,"A",,"A",,"A",,"A",,"A"
"20163","03298964",8,0,"1","175","D",85,"D",.,"A",,"A",,"A",,"A",,"A",,"A",,"A",,"A",,"A",,"A"
"20163","03299904",10,0,"1","140","D",100,"D",200,"D",,"A",,"A",,"A",,"A",,"A",,"A",,"A",,"A",,"A"
"20163","03300924",7,0,"1","300","D",100,"D",.,"A",,"A",,"A",,"A",,"A",,"A",,"A",,"A",,"A",,"A"
"20163","03301834",10,0,"1","200","D",100,"D",.,"A",,"A",,"A",,"A",,"A",,"A",,"A",,"A",,"A",,"A"
"20163","03324173",9,0,"1","200","D",88,"D",55,"D",,"A",,"A",,"A",,"A",,"A",,"A",,"A",,"A",,"A"
"20163","03324303",15,0,"1","130","D",600,"D",.,"A",,"A",,"A",,"A",,"A",,"A",,"A",,"A",,"A",,"A"
"20163","03325383",7,0,"1","140","D",135,"D",49,"D",,"A",,"A",,"A",,"A",,"A",,"A",,"A",,"A",,"A"
"20163","03325833",9,0,"1","210","D",20,"D",.,"A",,"A",,"A",,"A",,"A",,"A",,"A",,"A",,"A",,"A"
"20163","03327283",3,0,"1","280","D",600,"D",.,"A",,"A",,"A",,"A",,"A",,"A",,"A",,"A",,"A",,"A"
"20163","03329543",8,0,"1",,"A",.,"A",22,"D",,"A",,"A",,"A",,"A",,"A",,"A",,"A",,"A",,"A"
"20163","03331513",4,0,"1","100","D",120,"D",.,"A",,"A",,"A",,"A",,"A",,"A",,"A",,"A",,"A",,"A"
"20163","03331723",9,0,"1","140","D",180,"D",.,"A",,"A",,"A",,"A",,"A",,"A",,"A",,"A",,"A",,"A"
"20163","03331733",3,0,"1",,"A",.,"A",32,"D",,"A",,"A",,"A",,"A",,"A",,"A",,"A",,"A",,"A"
"20163","03332353",14,0,"1",,"A",.,"A",101,"D",,"A",,"A",,"A",,"A",,"A",,"A",,"A",,"A",,"A"
"20163","03332383",11,0,"1","130","D",166,"D",.,"A",,"A",,"A",,"A",,"A",,"A",,"A",,"A",,"A",,"A"
"20163","03333493",1,0,"1","175","D",100,"D",.,"A",,"A",,"A",,"A",,"A",,"A",,"A",,"A",,"A",,"A"
"20163","03333543",10,0,"1","130","D",4500,"D",.,"A",,"A",,"A",,"A",,"A",,"A",,"A",,"A",,"A",,"A"
"20163","03336413",5,0,"1","130","D",500,"D",500,"D",,"A",,"A",,"A",,"A",,"A",,"A",,"A",,"A",,"A"
"20163","03336843",5,0,"1","175","D",270,"D",.,"A",,"A",,"A",,"A",,"A",,"A",,"A",,"A",,"A",,"A"
"20163","03336903",12,0,"1","200","D",40,"D",40,"D",,"A",,"A",,"A",,"A",,"A",,"A",,"A",,"A",,"A"
"20163","03337173",6,0,"1","300","D",200,"D",.,"A",,"A",,"A",,"A",,"A",,"A",,"A",,"A",,"A",,"A"
"20163","03338533",8,0,"1","130","D",849,"D",.,"A",,"A",,"A",,"A",,"A",,"A",,"A",,"A",,"A",,"A"
"20163","03338943",5,0,"1","300","D",45,"D",.,"A",,"A",,"A",,"A",,"A",,"A",,"A",,"A",,"A",,"A"
"20163","03341213",8,0,"1","300","D",25,"D",.,"A",,"A",,"A",,"A",,"A",,"A",,"A",,"A",,"A",,"A"
"20163","03341393",2,0,"1",,"A",.,"A",40,"D",,"A",,"A",,"A",,"A",,"A",,"A",,"A",,"A",,"A"
"20163","03342263",3,0,"1",,"A",.,"A",100,"D",,"A",,"A",,"A",,"A",,"A",,"A",,"A",,"A",,"A"
"20163","03342483",5,0,"1","130","D",3500,"D",.,"A",,"A",,"A",,"A",,"A",,"A",,"A",,"A",,"A",,"A"
"20163","03343993",5,0,"1","300","D",300,"D",.,"A",,"A",,"A",,"A",,"A",,"A",,"A",,"A",,"A",,"A"
"20163","03344343",27,0,"1",,"A",.,"A",30,"D",,"A",,"A",,"A",,"A",,"A",,"A",,"A",,"A",,"A"
"20163","03344373",12,0,"1","175","D",60,"D",.,"A",,"A",,"A",,"A",,"A",,"A",,"A",,"A",,"A",,"A"
"20163","03344653",8,0,"1","175","D",100,"D",.,"A",,"A",,"A",,"A",,"A",,"A",,"A",,"A",,"A",,"A"
"20163","03346983",4,0,"1","175","D",18,"D",.,"A",,"A",,"A",,"A",,"A",,"A",,"A",,"A",,"A",,"A"
"20163","03348353",6,0,"1","150","D",200,"D",.,"A",,"A",,"A",,"A",,"A",,"A",,"A",,"A",,"A",,"A"
"20163","03349403",7,0,"1","300","D",2300,"D",.,"A",,"A",,"A",,"A",,"A",,"A",,"A",,"A",,"A",,"A"
"20163","03349883",10,0,"1",,"A",.,"A",1000,"D",,"A",,"A",,"A",,"A",,"A",,"A",,"A",,"A",,"A"
"20163","03350933",17,0,"1",,"A",.,"A",72,"D",,"A",,"A",,"A",,"A",,"A",,"A",,"A",,"A",,"A"
"20163","03351153",12,0,"1",,"A",.,"A",500,"D",,"A",,"A",,"A",,"A",,"A",,"A",,"A",,"A",,"A"
"20163","03351163",7,0,"1",,"A",.,"A",399,"D",,"A",,"A",,"A",,"A",,"A",,"A",,"A",,"A",,"A"
"20163","03351653",14,0,"1","190","D",60,"D",.,"A",,"A",,"A",,"A",,"A",,"A",,"A",,"A",,"A",,"A"
"20163","03353463",5,0,"1","175","D",36,"D",.,"A",,"A",,"A",,"A",,"A",,"A",,"A",,"A",,"A",,"A"
"20163","03354373",5,0,"1","140","D",50,"D",.,"A",,"A",,"A",,"A",,"A",,"A",,"A",,"A",,"A",,"A"
"20163","03354573",12,0,"1","300","D",10,"D",.,"A",,"A",,"A",,"A",,"A",,"A",,"A",,"A",,"A",,"A"
"20163","03354964",8,0,"1","175","D",75,"D",.,"A",,"A",,"A",,"A",,"A",,"A",,"A",,"A",,"A",,"A"
"20163","03355123",12,0,"1",,"A",.,"A",100,"D",,"A",,"A",,"A",,"A",,"A",,"A",,"A",,"A",,"A"
"20163","03355913",5,0,"1",,"A",.,"A",80,"D",,"A",,"A",,"A",,"A",,"A",,"A",,"A",,"A",,"A"
"20163","03387052",7,0,"1",,"A",.,"A",400,"D",,"A",,"A",,"A",,"A",,"A",,"A",,"A",,"A",,"A"
"20163","03388752",4,0,"1",,"A",.,"A",40,"D",,"A",,"A",,"A",,"A",,"A",,"A",,"A",,"A",,"A"
"20163","03389482",3,0,"1","140","D",91,"D",.,"A",,"A",,"A",,"A",,"A",,"A",,"A",,"A",,"A",,"A"
"20163","03389562",10,0,"1","175","D",100,"D",.,"A",,"A",,"A",,"A",,"A",,"A",,"A",,"A",,"A",,"A"
"20163","03390802",15,0,"1","160","D",150,"D",.,"A",,"A",,"A",,"A",,"A",,"A",,"A",,"A",,"A",,"A"
"20163","03390952",6,0,"1","300","D",20,"D",16,"D",,"A",,"A",,"A",,"A",,"A",,"A",,"A",,"A",,"A"
"20163","03391322",9,0,"1","175","D",45,"D",.,"A",,"A",,"A",,"A",,"A",,"A",,"A",,"A",,"A",,"A"
"20163","03391812",1,2,"1","235","D",4334,"E",.,"A",,"A",,"A",,"A",,"A",,"A",,"A",,"A",,"A",,"A"
"20163","03391812",1,1,"1","175","D",2166,"E",.,"A",,"A",,"A",,"A",,"A",,"A",,"A",,"A",,"A",,"A"
"20163","03391812",1,0,"1","310","D",.,"H",.,"A","175","D","235","D",,"A",,"A",,"A",,"A",,"A",,"A",,"A"
"20163","03392112",5,0,"1","300","D",10,"D",.,"A",,"A",,"A",,"A",,"A",,"A",,"A",,"A",,"A",,"A"
"20163","03394022",10,0,"1","130","D",104,"D",.,"A",,"A",,"A",,"A",,"A",,"A",,"A",,"A",,"A",,"A"
"20163","03394112",8,0,"1",,"A",.,"A",50,"D",,"A",,"A",,"A",,"A",,"A",,"A",,"A",,"A",,"A"
"20163","03394462",8,0,"1","300","D",30,"D",.,"A",,"A",,"A",,"A",,"A",,"A",,"A",,"A",,"A",,"A"
"20163","03394512",3,0,"1","140","D",70,"D",.,"A",,"A",,"A",,"A",,"A",,"A",,"A",,"A",,"A",,"A"
"20163","03394642",5,0,"1",,"A",.,"A",85,"D",,"A",,"A",,"A",,"A",,"A",,"A",,"A",,"A",,"A"
"20163","03395252",12,0,"1",,"A",.,"A",150,"D",,"A",,"A",,"A",,"A",,"A",,"A",,"A",,"A",,"A"
"20163","03395422",11,0,"1","140","D",50,"D",.,"A",,"A",,"A",,"A",,"A",,"A",,"A",,"A",,"A",,"A"
"20163","03395682",6,0,"1","300","D",56,"D",.,"A",,"A",,"A",,"A",,"A",,"A",,"A",,"A",,"A",,"A"
"20163","03396902",7,0,"1","300","D",29,"D",25,"D",,"A",,"A",,"A",,"A",,"A",,"A",,"A",,"A",,"A"
"20163","03407632",11,0,"1","175","D",150,"D",.,"A",,"A",,"A",,"A",,"A",,"A",,"A",,"A",,"A",,"A"
"20163","03407902",12,2,"1","280","D",83,"E",.,"A",,"A",,"A",,"A",,"A",,"A",,"A",,"A",,"A",,"A"
"20163","03407902",12,1,"1","240","D",1717,"E",.,"A",,"A",,"A",,"A",,"A",,"A",,"A",,"A",,"A",,"A"
"20163","03407902",12,0,"1","310","D",.,"H",.,"A","240","D","280","D",,"A",,"A",,"A",,"A",,"A",,"A",,"A"
"20163","03408132",8,0,"1","130","D",200,"D",.,"A",,"A",,"A",,"A",,"A",,"A",,"A",,"A",,"A",,"A"
"20163","03408282",3,0,"1","140","D",229,"D",.,"A",,"A",,"A",,"A",,"A",,"A",,"A",,"A",,"A",,"A"
"20163","03409262",12,0,"1","130","D",400,"D",.,"A",,"A",,"A",,"A",,"A",,"A",,"A",,"A",,"A",,"A"
"20163","03409592",6,0,"1","200","D",5,"D",.,"A",,"A",,"A",,"A",,"A",,"A",,"A",,"A",,"A",,"A"
"20163","03409733",8,0,"1",,"A",.,"A",80,"D",,"A",,"A",,"A",,"A",,"A",,"A",,"A",,"A",,"A"
"20163","03410422",5,0,"1",,"A",.,"A",75,"D",,"A",,"A",,"A",,"A",,"A",,"A",,"A",,"A",,"A"
"20163","03412252",12,0,"1",,"A",.,"A",200,"D",,"A",,"A",,"A",,"A",,"A",,"A",,"A",,"A",,"A"
"20163","03412532",2,0,"1",,"A",.,"A",800,"D",,"A",,"A",,"A",,"A",,"A",,"A",,"A",,"A",,"A"
"20163","03412592",7,0,"1","175","D",200,"D",.,"A",,"A",,"A",,"A",,"A",,"A",,"A",,"A",,"A",,"A"
"20163","03413392",15,0,"1","300","D",83,"D",.,"A",,"A",,"A",,"A",,"A",,"A",,"A",,"A",,"A",,"A"
"20163","03413502",12,0,"1",,"A",.,"A",28,"F",,"A",,"A",,"A",,"A",,"A",,"A",,"A",,"A",,"A"
"20163","03414362",10,0,"1","300","D",200,"D",.,"A",,"A",,"A",,"A",,"A",,"A",,"A",,"A",,"A",,"A"
"20163","03414382",12,2,"1","200","D",57,"E",.,"A",,"A",,"A",,"A",,"A",,"A",,"A",,"A",,"A",,"A"
"20163","03414382",12,1,"1","210","D",58,"E",.,"A",,"A",,"A",,"A",,"A",,"A",,"A",,"A",,"A",,"A"
"20163","03414382",12,0,"1","310","D",.,"H",.,"A","210","D","200","D",,"A",,"A",,"A",,"A",,"A",,"A",,"A"
"20163","03415682",2,0,"1",,"A",.,"A",6000,"D",,"A",,"A",,"A",,"A",,"A",,"A",,"A",,"A",,"A"
"20163","03415983",2,0,"1",,"A",.,"A",50,"D",,"A",,"A",,"A",,"A",,"A",,"A",,"A",,"A",,"A"
"20163","03416172",6,0,"1","140","D",100,"D",.,"A",,"A",,"A",,"A",,"A",,"A",,"A",,"A",,"A",,"A"
"20163","03416652",1,0,"1","300","D",60,"D",.,"A",,"A",,"A",,"A",,"A",,"A",,"A",,"A",,"A",,"A"
"20163","03416804",7,0,"1","140","D",140,"D",.,"A",,"A",,"A",,"A",,"A",,"A",,"A",,"A",,"A",,"A"
"20163","03417332",1,0,"1","235","D",3200,"D",.,"A",,"A",,"A",,"A",,"A",,"A",,"A",,"A",,"A",,"A"
"20163","03418472",4,0,"1","130","D",60,"D",.,"A",,"A",,"A",,"A",,"A",,"A",,"A",,"A",,"A",,"A"
"20163","03418712",3,0,"1",,"A",.,"A",200,"D",,"A",,"A",,"A",,"A",,"A",,"A",,"A",,"A",,"A"
"20163","03422352",10,0,"1","140","D",100,"D",.,"A",,"A",,"A",,"A",,"A",,"A",,"A",,"A",,"A",,"A"
"20163","03423122",1,0,"1","130","D",1200,"D",.,"A",,"A",,"A",,"A",,"A",,"A",,"A",,"A",,"A",,"A"
"20163","03423632",10,0,"1","175","D",30,"D",.,"A",,"A",,"A",,"A",,"A",,"A",,"A",,"A",,"A",,"A"
"20163","03424142",2,0,"1","260","D",350,"D",.,"A",,"A",,"A",,"A",,"A",,"A",,"A",,"A",,"A",,"A"
"20163","03424312",6,0,"1","260","D",400,"D",.,"A",,"A",,"A",,"A",,"A",,"A",,"A",,"A",,"A",,"A"
"20163","03425202",28,0,"1","175","D",28,"D",.,"A",,"A",,"A",,"A",,"A",,"A",,"A",,"A",,"A",,"A"
"20163","03428482",6,0,"1","260","D",7000,"D",.,"A",,"A",,"A",,"A",,"A",,"A",,"A",,"A",,"A",,"A"
"20163","03441201",22,0,"1",,"A",.,"A",100,"D",,"A",,"A",,"A",,"A",,"A",,"A",,"A",,"A",,"A"
"20163","03441241",8,0,"1","175","D",93,"D",.,"A",,"A",,"A",,"A",,"A",,"A",,"A",,"A",,"A",,"A"
"20163","03441481",8,0,"1","200","D",40,"F",.,"A",,"A",,"A",,"A",,"A",,"A",,"A",,"A",,"A",,"A"
"20163","03441541",6,2,"1","175","D",86,"E",.,"A",,"A",,"A",,"A",,"A",,"A",,"A",,"A",,"A",,"A"
"20163","03441541",6,1,"1","140","D",44,"E",.,"A",,"A",,"A",,"A",,"A",,"A",,"A",,"A",,"A",,"A"
"20163","03441541",6,0,"1","310","D",.,"H",.,"A","140","D","175","D",,"A",,"A",,"A",,"A",,"A",,"A",,"A"
"20163","03441821",41,0,"1","290","D",440,"D",.,"A",,"A",,"A",,"A",,"A",,"A",,"A",,"A",,"A",,"A"
"20163","03442511",8,0,"1",,"A",.,"A",17,"D",,"A",,"A",,"A",,"A",,"A",,"A",,"A",,"A",,"A"
"20163","03443661",2,0,"1",,"A",.,"A",500,"D",,"A",,"A",,"A",,"A",,"A",,"A",,"A",,"A",,"A"
"20163","03443671",5,0,"1","300","D",200,"D",40,"D",,"A",,"A",,"A",,"A",,"A",,"A",,"A",,"A",,"A"
"20163","03443681",3,0,"1",,"A",.,"A",50,"D",,"A",,"A",,"A",,"A",,"A",,"A",,"A",,"A",,"A"
"20163","03444181",6,0,"1","175","D",50,"D",.,"A",,"A",,"A",,"A",,"A",,"A",,"A",,"A",,"A",,"A"
"20163","03444741",11,0,"1",,"A",.,"A",400,"D",,"A",,"A",,"A",,"A",,"A",,"A",,"A",,"A",,"A"
"20163","03445121",6,0,"1","200","D",130,"D",.,"A",,"A",,"A",,"A",,"A",,"A",,"A",,"A",,"A",,"A"
"20163","03445621",7,0,"1","300","D",120,"D",.,"A",,"A",,"A",,"A",,"A",,"A",,"A",,"A",,"A",,"A"
"20163","03445951",10,0,"1",,"A",.,"A",50,"D",,"A",,"A",,"A",,"A",,"A",,"A",,"A",,"A",,"A"
"20163","03447491",6,0,"1","175","D",50,"D",.,"A",,"A",,"A",,"A",,"A",,"A",,"A",,"A",,"A",,"A"
"20163","03448241",10,0,"1","140","D",1500,"D",.,"A",,"A",,"A",,"A",,"A",,"A",,"A",,"A",,"A",,"A"
"20163","03448401",1,0,"1","300","D",680,"D",.,"A",,"A",,"A",,"A",,"A",,"A",,"A",,"A",,"A",,"A"
"20163","03448711",4,0,"1","175","D",60,"D",.,"A",,"A",,"A",,"A",,"A",,"A",,"A",,"A",,"A",,"A"
"20163","03448741",13,0,"1","200","D",70,"D",.,"A",,"A",,"A",,"A",,"A",,"A",,"A",,"A",,"A",,"A"
"20163","03449561",5,0,"1",,"A",.,"A",40,"D",,"A",,"A",,"A",,"A",,"A",,"A",,"A",,"A",,"A"
"20163","03450231",13,0,"1",,"A",.,"A",35,"D",,"A",,"A",,"A",,"A",,"A",,"A",,"A",,"A",,"A"
"20163","03450371",6,0,"1","120","D",500,"D",.,"A",,"A",,"A",,"A",,"A",,"A",,"A",,"A",,"A",,"A"
"20163","03460961",15,0,"1","175","D",150,"D",450,"D",,"A",,"A",,"A",,"A",,"A",,"A",,"A",,"A",,"A"
"20163","03461011",6,0,"1",,"A",.,"A",100,"D",,"A",,"A",,"A",,"A",,"A",,"A",,"A",,"A",,"A"
"20163","03461181",5,0,"1","175","D",50,"D",.,"A",,"A",,"A",,"A",,"A",,"A",,"A",,"A",,"A",,"A"
"20163","03462011",6,0,"1",,"A",.,"A",9,"D",,"A",,"A",,"A",,"A",,"A",,"A",,"A",,"A",,"A"
"20163","03462444",17,0,"1","175","D",20,"D",.,"A",,"A",,"A",,"A",,"A",,"A",,"A",,"A",,"A",,"A"
"20163","03462761",5,0,"1","300","D",200,"D",.,"A",,"A",,"A",,"A",,"A",,"A",,"A",,"A",,"A",,"A"
"20163","03462861",12,0,"1","175","D",20,"D",16,"D",,"A",,"A",,"A",,"A",,"A",,"A",,"A",,"A",,"A"
"20163","03462921",1,0,"1","290","D",2000,"D",101,"F",,"A",,"A",,"A",,"A",,"A",,"A",,"A",,"A",,"A"
"20163","03463101",12,0,"1","300","D",340,"D",.,"A",,"A",,"A",,"A",,"A",,"A",,"A",,"A",,"A",,"A"
"20163","03463751",9,0,"1","140","D",30,"D",.,"A",,"A",,"A",,"A",,"A",,"A",,"A",,"A",,"A",,"A"
"20163","03463971",2,0,"1","200","D",900,"D",.,"A",,"A",,"A",,"A",,"A",,"A",,"A",,"A",,"A",,"A"
"20163","03464561",7,0,"1","130","D",550,"D",.,"A",,"A",,"A",,"A",,"A",,"A",,"A",,"A",,"A",,"A"
"20163","03464571",2,0,"1","175","D",30,"D",.,"A",,"A",,"A",,"A",,"A",,"A",,"A",,"A",,"A",,"A"
"20163","03464761",6,2,"1","210","D",12,"E",.,"A",,"A",,"A",,"A",,"A",,"A",,"A",,"A",,"A",,"A"
"20163","03464761",6,1,"1","175","D",38,"E",.,"A",,"A",,"A",,"A",,"A",,"A",,"A",,"A",,"A",,"A"
"20163","03464761",6,0,"1","310","D",.,"H",.,"A","310","D","175","D",,"A",,"A",,"A",,"A",,"A",,"A",,"A"
"20163","03465031",13,0,"1",,"A",.,"A",200,"D",,"A",,"A",,"A",,"A",,"A",,"A",,"A",,"A",,"A"
"20163","03465371",4,0,"1",,"A",.,"A",150,"D",,"A",,"A",,"A",,"A",,"A",,"A",,"A",,"A",,"A"
"20163","03465471",17,0,"1","175","D",250,"D",.,"A",,"A",,"A",,"A",,"A",,"A",,"A",,"A",,"A",,"A"
"20163","03465671",2,0,"1","300","D",350,"D",.,"A",,"A",,"A",,"A",,"A",,"A",,"A",,"A",,"A",,"A"
"20163","03466241",5,0,"1","235","D",600,"D",.,"A",,"A",,"A",,"A",,"A",,"A",,"A",,"A",,"A",,"A"
"20163","03466403",13,0,"1",,"A",.,"A",600,"D",,"A",,"A",,"A",,"A",,"A",,"A",,"A",,"A",,"A"
"20163","03466981",6,0,"1",,"A",.,"A",200,"D",,"A",,"A",,"A",,"A",,"A",,"A",,"A",,"A",,"A"
"20163","03466991",7,0,"1","130","D",600,"D",100,"D",,"A",,"A",,"A",,"A",,"A",,"A",,"A",,"A",,"A"
"20163","03467011",10,0,"1",,"A",.,"A",40,"D",,"A",,"A",,"A",,"A",,"A",,"A",,"A",,"A",,"A"
"20163","03467351",16,0,"1","175","D",140,"D",.,"A",,"A",,"A",,"A",,"A",,"A",,"A",,"A",,"A",,"A"
"20163","03467371",1,0,"1","175","D",25,"D",.,"A",,"A",,"A",,"A",,"A",,"A",,"A",,"A",,"A",,"A"
"20163","03468161",17,0,"1","300","D",120,"D",150,"D",,"A",,"A",,"A",,"A",,"A",,"A",,"A",,"A",,"A"
"20163","03468791",9,0,"1",,"A",.,"A",841,"D",,"A",,"A",,"A",,"A",,"A",,"A",,"A",,"A",,"A"
"20163","03468981",8,0,"1",,"A",.,"A",80,"D",,"A",,"A",,"A",,"A",,"A",,"A",,"A",,"A",,"A"
"20163","03469031",11,0,"1","140","D",75,"D",.,"A",,"A",,"A",,"A",,"A",,"A",,"A",,"A",,"A",,"A"
"20163","03469051",6,0,"1",,"A",.,"A",500,"D",,"A",,"A",,"A",,"A",,"A",,"A",,"A",,"A",,"A"
"20163","03469311",5,0,"1",,"A",.,"A",20,"D",,"A",,"A",,"A",,"A",,"A",,"A",,"A",,"A",,"A"
"20163","03469491",9,0,"1",,"A",.,"A",30,"D",,"A",,"A",,"A",,"A",,"A",,"A",,"A",,"A",,"A"
"20163","03469591",10,0,"1",,"A",.,"A",150,"D",,"A",,"A",,"A",,"A",,"A",,"A",,"A",,"A",,"A"
"20163","03470411",7,0,"1",,"A",.,"A",50,"D",,"A",,"A",,"A",,"A",,"A",,"A",,"A",,"A",,"A"
"20163","03470431",14,0,"1","235","D",80,"D",.,"A",,"A",,"A",,"A",,"A",,"A",,"A",,"A",,"A",,"A"
"20163","03470671",6,0,"1","300","D",218,"D",.,"A",,"A",,"A",,"A",,"A",,"A",,"A",,"A",,"A",,"A"
"20163","03492141",10,0,"1","175","D",370,"D",120,"D",,"A",,"A",,"A",,"A",,"A",,"A",,"A",,"A",,"A"
"20163","03492161",1,0,"1",,"A",.,"A",9,"D",,"A",,"A",,"A",,"A",,"A",,"A",,"A",,"A",,"A"
"20163","03493041",14,0,"1","175","D",50,"D",.,"A",,"A",,"A",,"A",,"A",,"A",,"A",,"A",,"A",,"A"
"20163","03493061",35,0,"1","140","D",120,"D",.,"A",,"A",,"A",,"A",,"A",,"A",,"A",,"A",,"A",,"A"
"20163","03493221",21,0,"1","300","D",200,"D",.,"A",,"A",,"A",,"A",,"A",,"A",,"A",,"A",,"A",,"A"
"20163","03493661",7,0,"1","175","D",63,"D",.,"A",,"A",,"A",,"A",,"A",,"A",,"A",,"A",,"A",,"A"
"20163","03493811",9,0,"1","130","D",50,"D",.,"A",,"A",,"A",,"A",,"A",,"A",,"A",,"A",,"A",,"A"
"20163","03494271",4,0,"1","140","D",100,"D",.,"A",,"A",,"A",,"A",,"A",,"A",,"A",,"A",,"A",,"A"
"20163","03494281",3,0,"1","235","D",77,"D",.,"A",,"A",,"A",,"A",,"A",,"A",,"A",,"A",,"A",,"A"
"20163","03495151",4,0,"1","175","D",50,"D",.,"A",,"A",,"A",,"A",,"A",,"A",,"A",,"A",,"A",,"A"
"20163","03496611",9,0,"1","140","D",1500,"D",.,"A",,"A",,"A",,"A",,"A",,"A",,"A",,"A",,"A",,"A"
"20163","03497051",9,0,"1","300","D",1000,"D",.,"A",,"A",,"A",,"A",,"A",,"A",,"A",,"A",,"A",,"A"
"20163","03498041",7,0,"1","120","D",170,"D",100,"D",,"A",,"A",,"A",,"A",,"A",,"A",,"A",,"A",,"A"
"20163","03498391",15,0,"1",,"A",.,"A",25,"D",,"A",,"A",,"A",,"A",,"A",,"A",,"A",,"A",,"A"
"20163","03498431",6,0,"1","175","D",10,"D",.,"A",,"A",,"A",,"A",,"A",,"A",,"A",,"A",,"A",,"A"
"20163","03498451",12,0,"1","235","D",300,"D",.,"A",,"A",,"A",,"A",,"A",,"A",,"A",,"A",,"A",,"A"
"20163","03498662",10,0,"1",,"A",.,"A",160,"D",,"A",,"A",,"A",,"A",,"A",,"A",,"A",,"A",,"A"
"20163","03498951",3,0,"1","300","D",400,"D",.,"A",,"A",,"A",,"A",,"A",,"A",,"A",,"A",,"A",,"A"
"20163","03499421",1,2,"1","130","D",3000,"E",.,"A",,"A",,"A",,"A",,"A",,"A",,"A",,"A",,"A",,"A"
"20163","03499421",1,1,"1","200","D",500,"E",.,"A",,"A",,"A",,"A",,"A",,"A",,"A",,"A",,"A",,"A"
"20163","03499421",1,0,"1","310","D",.,"H",.,"A","200","D","210","D","130","D",,"A",,"A",,"A",,"A",,"A",,"A"
"20163","03499441",8,0,"1","190","D",60,"F",.,"A",,"A",,"A",,"A",,"A",,"A",,"A",,"A",,"A",,"A"
"20163","03500731",7,0,"1",,"A",.,"A",262,"D",,"A",,"A",,"A",,"A",,"A",,"A",,"A",,"A",,"A"
"20163","03501331",11,0,"1","140","D",40,"D",.,"A",,"A",,"A",,"A",,"A",,"A",,"A",,"A",,"A",,"A"
"20163","03501701",2,0,"1","200","D",92,"D",.,"A",,"A",,"A",,"A",,"A",,"A",,"A",,"A",,"A",,"A"
"20163","03502071",5,0,"1","175","D",65,"D",.,"A",,"A",,"A",,"A",,"A",,"A",,"A",,"A",,"A",,"A"
"20163","03502171",8,0,"1","175","D",40,"D",.,"A",,"A",,"A",,"A",,"A",,"A",,"A",,"A",,"A",,"A"
"20164","03324174",12,0,"1","200","D",100,"D",16,"D",,"A",,"A",,"A",,"A",,"A",,"A",,"A",,"A",,"A"
"20164","03324334",13,0,"1","300","D",100,"D",.,"A",,"A",,"A",,"A",,"A",,"A",,"A",,"A",,"A",,"A"
"20164","03325174",6,0,"1","175","D",65,"D",.,"A",,"A",,"A",,"A",,"A",,"A",,"A",,"A",,"A",,"A"
"20164","03325384",15,0,"1",,"A",.,"A",43,"D",,"A",,"A",,"A",,"A",,"A",,"A",,"A",,"A",,"A"
"20164","03326364",1,0,"1","280","D",100,"D",.,"A",,"A",,"A",,"A",,"A",,"A",,"A",,"A",,"A",,"A"
"20164","03326774",16,0,"1","300","D",15,"D",.,"A",,"A",,"A",,"A",,"A",,"A",,"A",,"A",,"A",,"A"
"20164","03327624",11,0,"1",,"A",.,"A",50,"D",,"A",,"A",,"A",,"A",,"A",,"A",,"A",,"A",,"A"
"20164","03328514",5,0,"1","130","D",2500,"D",.,"A",,"A",,"A",,"A",,"A",,"A",,"A",,"A",,"A",,"A"
"20164","03328954",1,0,"1",,"A",.,"A",50,"D",,"A",,"A",,"A",,"A",,"A",,"A",,"A",,"A",,"A"
"20164","03329784",4,0,"1",,"A",.,"A",40,"D",,"A",,"A",,"A",,"A",,"A",,"A",,"A",,"A",,"A"
"20164","03332454",7,0,"1","175","D",200,"D",.,"A",,"A",,"A",,"A",,"A",,"A",,"A",,"A",,"A",,"A"
"20164","03332664",28,0,"1","300","D",50,"D",.,"A",,"A",,"A",,"A",,"A",,"A",,"A",,"A",,"A",,"A"
"20164","03332734",23,0,"1","200","D",47,"D",.,"A",,"A",,"A",,"A",,"A",,"A",,"A",,"A",,"A",,"A"
"20164","03333954",14,0,"1","300","D",200,"D",.,"A",,"A",,"A",,"A",,"A",,"A",,"A",,"A",,"A",,"A"
"20164","03335314",8,0,"1","300","D",250,"D",.,"A",,"A",,"A",,"A",,"A",,"A",,"A",,"A",,"A",,"A"
"20164","03335594",26,0,"1","175","D",50,"D",.,"A",,"A",,"A",,"A",,"A",,"A",,"A",,"A",,"A",,"A"
"20164","03337404",12,0,"1","270","D",100,"D",.,"A",,"A",,"A",,"A",,"A",,"A",,"A",,"A",,"A",,"A"
"20164","03338864",10,0,"1","130","D",75,"D",.,"A",,"A",,"A",,"A",,"A",,"A",,"A",,"A",,"A",,"A"
"20164","03340604",4,0,"1","175","D",50,"D",.,"A",,"A",,"A",,"A",,"A",,"A",,"A",,"A",,"A",,"A"
"20164","03344344",22,0,"1",,"A",.,"A",56,"D",,"A",,"A",,"A",,"A",,"A",,"A",,"A",,"A",,"A"
"20164","03344754",9,0,"1","175","D",50,"D",.,"A",,"A",,"A",,"A",,"A",,"A",,"A",,"A",,"A",,"A"
"20164","03345224",12,0,"1","175","D",37,"D",.,"A",,"A",,"A",,"A",,"A",,"A",,"A",,"A",,"A",,"A"
"20164","03345484",13,0,"1",,"A",.,"A",300,"D",,"A",,"A",,"A",,"A",,"A",,"A",,"A",,"A",,"A"
"20164","03345704",4,0,"1","120","D",350,"D",.,"A",,"A",,"A",,"A",,"A",,"A",,"A",,"A",,"A",,"A"
"20164","03346014",15,0,"1",,"A",.,"A",42,"D",,"A",,"A",,"A",,"A",,"A",,"A",,"A",,"A",,"A"
"20164","03346164",2,0,"1","175","D",400,"D",.,"A",,"A",,"A",,"A",,"A",,"A",,"A",,"A",,"A",,"A"
"20164","03346574",20,0,"1","300","D",2000,"D",.,"A",,"A",,"A",,"A",,"A",,"A",,"A",,"A",,"A",,"A"
"20164","03346764",2,0,"1","300","D",115,"D",.,"A",,"A",,"A",,"A",,"A",,"A",,"A",,"A",,"A",,"A"
"20164","03347674",9,0,"1","300","D",181,"D",.,"A",,"A",,"A",,"A",,"A",,"A",,"A",,"A",,"A",,"A"
"20164","03350294",10,0,"1","130","D",2100,"D",500,"D",,"A",,"A",,"A",,"A",,"A",,"A",,"A",,"A",,"A"
"20164","03350884",1,0,"1",,"A",.,"A",30,"D",,"A",,"A",,"A",,"A",,"A",,"A",,"A",,"A",,"A"
"20164","03351164",17,0,"1",,"A",.,"A",140,"D",,"A",,"A",,"A",,"A",,"A",,"A",,"A",,"A",,"A"
"20164","03352294",13,0,"1","140","D",100,"D",.,"A",,"A",,"A",,"A",,"A",,"A",,"A",,"A",,"A",,"A"
"20164","03352384",5,0,"1","130","D",40,"D",.,"A",,"A",,"A",,"A",,"A",,"A",,"A",,"A",,"A",,"A"
"20164","03352644",8,0,"1",,"A",.,"A",40,"D",,"A",,"A",,"A",,"A",,"A",,"A",,"A",,"A",,"A"
"20164","03355564",11,0,"1","300","D",300,"D",.,"A",,"A",,"A",,"A",,"A",,"A",,"A",,"A",,"A",,"A"
"20164","03355584",5,0,"1","300","D",400,"D",.,"A",,"A",,"A",,"A",,"A",,"A",,"A",,"A",,"A",,"A"
"20164","03386763",4,0,"1",,"A",.,"A",100,"D",,"A",,"A",,"A",,"A",,"A",,"A",,"A",,"A",,"A"
"20164","03387053",10,0,"1",,"A",.,"A",400,"D",,"A",,"A",,"A",,"A",,"A",,"A",,"A",,"A",,"A"
"20164","03387113",5,0,"1","140","D",200,"D",.,"A",,"A",,"A",,"A",,"A",,"A",,"A",,"A",,"A",,"A"
"20164","03390463",7,0,"1","300","D",125,"D",.,"A",,"A",,"A",,"A",,"A",,"A",,"A",,"A",,"A",,"A"
"20164","03391593",4,0,"1","300","D",40,"D",.,"A",,"A",,"A",,"A",,"A",,"A",,"A",,"A",,"A",,"A"
"20164","03391813",7,0,"1","290","D",3800,"D",.,"A",,"A",,"A",,"A",,"A",,"A",,"A",,"A",,"A",,"A"
"20164","03392043",9,0,"1","130","D",650,"D",.,"A",,"A",,"A",,"A",,"A",,"A",,"A",,"A",,"A",,"A"
"20164","03393013",5,0,"1",,"A",.,"A",60,"D",,"A",,"A",,"A",,"A",,"A",,"A",,"A",,"A",,"A"
"20164","03394603",13,0,"1",,"A",.,"A",57,"D",,"A",,"A",,"A",,"A",,"A",,"A",,"A",,"A",,"A"
"20164","03395253",9,0,"1",,"A",.,"A",75,"D",,"A",,"A",,"A",,"A",,"A",,"A",,"A",,"A",,"A"
"20164","03396013",11,0,"1","280","D",300,"D",.,"A",,"A",,"A",,"A",,"A",,"A",,"A",,"A",,"A",,"A"
"20164","03407703",5,0,"1",,"A",.,"A",150,"D",,"A",,"A",,"A",,"A",,"A",,"A",,"A",,"A",,"A"
"20164","03408113",7,0,"1","140","D",70,"D",.,"A",,"A",,"A",,"A",,"A",,"A",,"A",,"A",,"A",,"A"
"20164","03408133",7,0,"1",,"A",.,"A",70,"D",,"A",,"A",,"A",,"A",,"A",,"A",,"A",,"A",,"A"
"20164","03408853",11,0,"1",,"A",.,"A",233,"D",,"A",,"A",,"A",,"A",,"A",,"A",,"A",,"A",,"A"
"20164","03409233",5,0,"1","175","D",40,"D",.,"A",,"A",,"A",,"A",,"A",,"A",,"A",,"A",,"A",,"A"
"20164","03409593",4,0,"1","300","D",68,"D",.,"A",,"A",,"A",,"A",,"A",,"A",,"A",,"A",,"A",,"A"
"20164","03409653",3,0,"1","300","D",140,"D",.,"A",,"A",,"A",,"A",,"A",,"A",,"A",,"A",,"A",,"A"
"20164","03411673",7,0,"1",,"A",.,"A",100,"D",,"A",,"A",,"A",,"A",,"A",,"A",,"A",,"A",,"A"
"20164","03412253",11,0,"1",,"A",.,"A",520,"D",,"A",,"A",,"A",,"A",,"A",,"A",,"A",,"A",,"A"
"20164","03413513",1,0,"1",,"A",.,"A",60,"D",,"A",,"A",,"A",,"A",,"A",,"A",,"A",,"A",,"A"
"20164","03414283",7,0,"1",,"A",.,"A",12,"D",,"A",,"A",,"A",,"A",,"A",,"A",,"A",,"A",,"A"
"20164","03414383",4,0,"1",,"A",.,"A",11,"D",,"A",,"A",,"A",,"A",,"A",,"A",,"A",,"A",,"A"
"20164","03414693",20,0,"1","300","D",200,"D",.,"A",,"A",,"A",,"A",,"A",,"A",,"A",,"A",,"A",,"A"
"20164","03414843",13,0,"1",,"A",.,"A",20,"D",,"A",,"A",,"A",,"A",,"A",,"A",,"A",,"A",,"A"
"20164","03415483",5,0,"1",,"A",.,"A",200,"D",,"A",,"A",,"A",,"A",,"A",,"A",,"A",,"A",,"A"
"20164","03415713",7,0,"1","130","D",25,"D",.,"A",,"A",,"A",,"A",,"A",,"A",,"A",,"A",,"A",,"A"
"20164","03416333",6,0,"1","110","D",500,"D",.,"A",,"A",,"A",,"A",,"A",,"A",,"A",,"A",,"A",,"A"
"20164","03417363",4,0,"1","300","D",75,"D",.,"A",,"A",,"A",,"A",,"A",,"A",,"A",,"A",,"A",,"A"
"20164","03417923",6,0,"1","260","D",9783,"D",.,"A",,"A",,"A",,"A",,"A",,"A",,"A",,"A",,"A",,"A"
"20164","03419223",6,0,"1",,"A",.,"A",1000,"D",,"A",,"A",,"A",,"A",,"A",,"A",,"A",,"A",,"A"
"20164","03419293",7,0,"1","300","D",300,"D",.,"A",,"A",,"A",,"A",,"A",,"A",,"A",,"A",,"A",,"A"
"20164","03421923",2,0,"1","130","D",200,"D",.,"A",,"A",,"A",,"A",,"A",,"A",,"A",,"A",,"A",,"A"
"20164","03422043",7,0,"1",,"A",.,"A",200,"D",,"A",,"A",,"A",,"A",,"A",,"A",,"A",,"A",,"A"
"20164","03424023",2,0,"1","220","D",2200,"D",.,"A",,"A",,"A",,"A",,"A",,"A",,"A",,"A",,"A",,"A"
"20164","03424333",1,0,"1","100","D",1500,"D",.,"A",,"A",,"A",,"A",,"A",,"A",,"A",,"A",,"A",,"A"
"20164","03424633",12,0,"1","300","D",287,"D",.,"A",,"A",,"A",,"A",,"A",,"A",,"A",,"A",,"A",,"A"
"20164","03425853",3,0,"1",,"A",.,"A",40,"D",,"A",,"A",,"A",,"A",,"A",,"A",,"A",,"A",,"A"
"20164","03427423",4,0,"1","300","D",100,"D",.,"A",,"A",,"A",,"A",,"A",,"A",,"A",,"A",,"A",,"A"
"20164","03440302",11,0,"1","130","D",40,"D",.,"A",,"A",,"A",,"A",,"A",,"A",,"A",,"A",,"A",,"A"
"20164","03442152",2,0,"1",,"A",.,"A",40,"D",,"A",,"A",,"A",,"A",,"A",,"A",,"A",,"A",,"A"
"20164","03443052",4,0,"1","300","D",500,"D",.,"A",,"A",,"A",,"A",,"A",,"A",,"A",,"A",,"A",,"A"
"20164","03443362",13,0,"1",,"A",.,"A",25,"D",,"A",,"A",,"A",,"A",,"A",,"A",,"A",,"A",,"A"
"20164","03444242",4,0,"1","130","D",23061,"T",.,"A",,"A",,"A",,"A",,"A",,"A",,"A",,"A",,"A",,"A"
"20164","03445562",8,0,"1","300","D",6,"D",.,"A",,"A",,"A",,"A",,"A",,"A",,"A",,"A",,"A",,"A"
"20164","03446512",4,0,"1","235","D",10,"D",.,"A",,"A",,"A",,"A",,"A",,"A",,"A",,"A",,"A",,"A"
"20164","03447432",11,0,"1","130","D",200,"D",.,"A",,"A",,"A",,"A",,"A",,"A",,"A",,"A",,"A",,"A"
"20164","03447492",10,0,"1","300","D",325,"D",.,"A",,"A",,"A",,"A",,"A",,"A",,"A",,"A",,"A",,"A"
"20164","03448922",3,0,"1","175","D",120,"D",.,"A",,"A",,"A",,"A",,"A",,"A",,"A",,"A",,"A",,"A"
"20164","03449792",6,0,"1",,"A",.,"A",1200,"D",,"A",,"A",,"A",,"A",,"A",,"A",,"A",,"A",,"A"
"20164","03450232",14,0,"1",,"A",.,"A",35,"D",,"A",,"A",,"A",,"A",,"A",,"A",,"A",,"A",,"A"
"20164","03460962",10,0,"1","260","D",150,"D",.,"A",,"A",,"A",,"A",,"A",,"A",,"A",,"A",,"A",,"A"
"20164","03461602",12,0,"1",,"A",.,"A",800,"D",,"A",,"A",,"A",,"A",,"A",,"A",,"A",,"A",,"A"
"20164","03463102",11,0,"1","260","D",3500,"D",.,"A",,"A",,"A",,"A",,"A",,"A",,"A",,"A",,"A",,"A"
"20164","03463292",4,0,"1","210","D",70,"D",.,"A",,"A",,"A",,"A",,"A",,"A",,"A",,"A",,"A",,"A"
"20164","03463852",15,0,"1","160","D",50,"D",.,"A",,"A",,"A",,"A",,"A",,"A",,"A",,"A",,"A",,"A"
"20164","03463972",6,0,"1","200","D",20,"D",.,"A",,"A",,"A",,"A",,"A",,"A",,"A",,"A",,"A",,"A"
"20164","03464222",5,0,"1","175","D",45,"D",.,"A",,"A",,"A",,"A",,"A",,"A",,"A",,"A",,"A",,"A"
"20164","03466404",13,0,"1",,"A",.,"A",25,"D",,"A",,"A",,"A",,"A",,"A",,"A",,"A",,"A",,"A"
"20164","03466772",8,0,"1","300","D",500,"D",.,"A",,"A",,"A",,"A",,"A",,"A",,"A",,"A",,"A",,"A"
"20164","03466992",7,0,"1","235","D",400,"D",.,"A",,"A",,"A",,"A",,"A",,"A",,"A",,"A",,"A",,"A"
"20164","03467332",3,0,"1","260","D",5,"D",.,"A",,"A",,"A",,"A",,"A",,"A",,"A",,"A",,"A",,"A"
"20164","03467352",20,0,"1",,"A",.,"A",50,"D",,"A",,"A",,"A",,"A",,"A",,"A",,"A",,"A",,"A"
"20164","03467362",4,0,"1","140","D",100,"D",.,"A",,"A",,"A",,"A",,"A",,"A",,"A",,"A",,"A",,"A"
"20164","03467412",1,0,"1","310","D",.,"H",.,"A","140","D","175","D","210","D","280","D","130","D",,"A",,"A",,"A",,"A"
"20164","03467412",1,1,"1","175","D",827,"E",.,"A",,"A",,"A",,"A",,"A",,"A",,"A",,"A",,"A",,"A"
"20164","03467412",1,2,"1","130","D",373,"E",.,"A",,"A",,"A",,"A",,"A",,"A",,"A",,"A",,"A",,"A"
"20164","03468052",11,0,"1","235","D",300,"D",.,"A",,"A",,"A",,"A",,"A",,"A",,"A",,"A",,"A",,"A"
"20164","03468062",9,0,"1","300","D",350,"D",.,"A",,"A",,"A",,"A",,"A",,"A",,"A",,"A",,"A",,"A"
"20164","03468982",7,0,"1",,"A",.,"A",390,"D",,"A",,"A",,"A",,"A",,"A",,"A",,"A",,"A",,"A"
"20164","03469492",11,0,"1","300","D",250,"D",.,"A",,"A",,"A",,"A",,"A",,"A",,"A",,"A",,"A",,"A"
"20164","03469712",8,0,"1","130","D",1500,"D",.,"A",,"A",,"A",,"A",,"A",,"A",,"A",,"A",,"A",,"A"
"20164","03470042",4,0,"1","130","D",180,"D",.,"A",,"A",,"A",,"A",,"A",,"A",,"A",,"A",,"A",,"A"
"20164","03470362",6,0,"1","130","D",3500,"D",.,"A",,"A",,"A",,"A",,"A",,"A",,"A",,"A",,"A",,"A"
"20164","03470642",8,0,"1",,"A",.,"A",1000,"D",,"A",,"A",,"A",,"A",,"A",,"A",,"A",,"A",,"A"
"20164","03492132",5,0,"1",,"A",.,"A",199,"D",,"A",,"A",,"A",,"A",,"A",,"A",,"A",,"A",,"A"
"20164","03493092",2,0,"1","200","D",390,"D",.,"A",,"A",,"A",,"A",,"A",,"A",,"A",,"A",,"A",,"A"
"20164","03494282",2,0,"1","130","D",2500,"D",.,"A",,"A",,"A",,"A",,"A",,"A",,"A",,"A",,"A",,"A"
"20164","03495292",6,0,"1","300","D",5,"D",.,"A",,"A",,"A",,"A",,"A",,"A",,"A",,"A",,"A",,"A"
"20164","03495432",9,0,"1","130","D",120,"D",500,"D",,"A",,"A",,"A",,"A",,"A",,"A",,"A",,"A",,"A"
"20164","03495982",4,0,"1",,"A",.,"A",40,"D",,"A",,"A",,"A",,"A",,"A",,"A",,"A",,"A",,"A"
"20164","03499342",17,0,"1",,"A",.,"A",150,"D",,"A",,"A",,"A",,"A",,"A",,"A",,"A",,"A",,"A"
"20164","03500452",14,0,"1","235","D",240,"D",.,"A",,"A",,"A",,"A",,"A",,"A",,"A",,"A",,"A",,"A"
"20164","03502172",2,0,"1","175","D",6,"D",.,"A",,"A",,"A",,"A",,"A",,"A",,"A",,"A",,"A",,"A"
"20164","03502342",7,0,"1",,"A",.,"A",100,"D",,"A",,"A",,"A",,"A",,"A",,"A",,"A",,"A",,"A"
"20164","03502812",5,0,"1","300","D",75,"D",.,"A",,"A",,"A",,"A",,"A",,"A",,"A",,"A",,"A",,"A"
"20164","03503661",17,0,"1","140","D",20,"D",.,"A",,"A",,"A",,"A",,"A",,"A",,"A",,"A",,"A",,"A"
"20164","03507001",4,0,"1","130","D",110,"D",.,"A",,"A",,"A",,"A",,"A",,"A",,"A",,"A",,"A",,"A"
"20164","03507171",8,0,"1",,"A",.,"A",43,"D",,"A",,"A",,"A",,"A",,"A",,"A",,"A",,"A",,"A"
"20164","03507351",7,0,"1",,"A",.,"A",200,"D",,"A",,"A",,"A",,"A",,"A",,"A",,"A",,"A",,"A"
"20164","03507543",3,0,"1","235","D",800,"D",.,"A",,"A",,"A",,"A",,"A",,"A",,"A",,"A",,"A",,"A"
"20164","03507641",3,0,"1","310","D",.,"H",.,"A","175","D","235","D",,"A",,"A",,"A",,"A",,"A",,"A",,"A"
"20164","03507641",3,1,"1","175","D",1300,"E",.,"A",,"A",,"A",,"A",,"A",,"A",,"A",,"A",,"A",,"A"
"20164","03508272",4,0,"1","130","D",200,"D",.,"A",,"A",,"A",,"A",,"A",,"A",,"A",,"A",,"A",,"A"
"20164","03508331",3,0,"1","200","D",45,"D",.,"A",,"A",,"A",,"A",,"A",,"A",,"A",,"A",,"A",,"A"
"20164","03509133",8,0,"1",,"A",.,"A",400,"D",,"A",,"A",,"A",,"A",,"A",,"A",,"A",,"A",,"A"
"20164","03510231",7,0,"1",,"A",.,"A",25,"D",,"A",,"A",,"A",,"A",,"A",,"A",,"A",,"A",,"A"
"20164","03510481",6,0,"1","175","D",100,"D",.,"A",,"A",,"A",,"A",,"A",,"A",,"A",,"A",,"A",,"A"
"20164","03511611",11,0,"1","300","D",300,"D",.,"A",,"A",,"A",,"A",,"A",,"A",,"A",,"A",,"A",,"A"
"20164","03512041",10,0,"1","300","D",25,"D",.,"A",,"A",,"A",,"A",,"A",,"A",,"A",,"A",,"A",,"A"
"20164","03512091",3,0,"1","175","D",300,"D",.,"A",,"A",,"A",,"A",,"A",,"A",,"A",,"A",,"A",,"A"
"20164","03512531",10,0,"1",,"A",.,"A",1,"D",,"A",,"A",,"A",,"A",,"A",,"A",,"A",,"A",,"A"
"20164","03512621",9,0,"1","175","D",50,"D",.,"A",,"A",,"A",,"A",,"A",,"A",,"A",,"A",,"A",,"A"
"20164","03512701",13,0,"1",,"A",.,"A",300,"D",,"A",,"A",,"A",,"A",,"A",,"A",,"A",,"A",,"A"
"20164","03512801",3,0,"1","130","D",950,"D",.,"A",,"A",,"A",,"A",,"A",,"A",,"A",,"A",,"A",,"A"
"20164","03513141",5,0,"1",,"A",.,"A",200,"D",,"A",,"A",,"A",,"A",,"A",,"A",,"A",,"A",,"A"
"20164","03513231",5,0,"1","175","D",70,"D",.,"A",,"A",,"A",,"A",,"A",,"A",,"A",,"A",,"A",,"A"
"20164","03523991",6,0,"1","200","D",200,"D",.,"A",,"A",,"A",,"A",,"A",,"A",,"A",,"A",,"A",,"A"
"20164","03524141",4,0,"1",,"A",.,"A",25,"D",,"A",,"A",,"A",,"A",,"A",,"A",,"A",,"A",,"A"
"20164","03524191",5,0,"1","300","D",42,"D",.,"A",,"A",,"A",,"A",,"A",,"A",,"A",,"A",,"A",,"A"
"20164","03524571",4,0,"1","200","D",385,"D",.,"A",,"A",,"A",,"A",,"A",,"A",,"A",,"A",,"A",,"A"
"20164","03526221",8,0,"1","200","D",120,"D",.,"A",,"A",,"A",,"A",,"A",,"A",,"A",,"A",,"A",,"A"
"20164","03526451",1,0,"1","130","D",67,"D",.,"A",,"A",,"A",,"A",,"A",,"A",,"A",,"A",,"A",,"A"
"20164","03527001",14,0,"1","175","D",110,"D",.,"A",,"A",,"A",,"A",,"A",,"A",,"A",,"A",,"A",,"A"
"20164","03527181",6,0,"1","190","D",8,"D",.,"A",,"A",,"A",,"A",,"A",,"A",,"A",,"A",,"A",,"A"
"20164","03527381",8,0,"1","130","D",280,"D",.,"A",,"A",,"A",,"A",,"A",,"A",,"A",,"A",,"A",,"A"
"20164","03527441",8,0,"1","300","D",700,"D",.,"A",,"A",,"A",,"A",,"A",,"A",,"A",,"A",,"A",,"A"
"20164","03528111",6,0,"1","300","D",7,"D",.,"A",,"A",,"A",,"A",,"A",,"A",,"A",,"A",,"A",,"A"
"20164","03528331",6,0,"1",,"A",.,"A",35,"D",,"A",,"A",,"A",,"A",,"A",,"A",,"A",,"A",,"A"
"20164","03528621",6,0,"1",,"A",.,"A",50,"D",,"A",,"A",,"A",,"A",,"A",,"A",,"A",,"A",,"A"
"20164","03529131",6,0,"1","300","D",120,"D",.,"A",,"A",,"A",,"A",,"A",,"A",,"A",,"A",,"A",,"A"
"20164","03529291",8,0,"1","210","D",250,"D",.,"A",,"A",,"A",,"A",,"A",,"A",,"A",,"A",,"A",,"A"
"20164","03529451",7,0,"1","140","D",100,"D",.,"A",,"A",,"A",,"A",,"A",,"A",,"A",,"A",,"A",,"A"
"20164","03530871",1,0,"1","175","D",30,"D",.,"A",,"A",,"A",,"A",,"A",,"A",,"A",,"A",,"A",,"A"
"20164","03530971",5,0,"1","260","D",6000,"D",.,"A",,"A",,"A",,"A",,"A",,"A",,"A",,"A",,"A",,"A"
"20164","03531431",6,0,"1","300","D",200,"D",.,"A",,"A",,"A",,"A",,"A",,"A",,"A",,"A",,"A",,"A"
"20164","03531821",10,0,"1","140","D",80,"D",.,"A",,"A",,"A",,"A",,"A",,"A",,"A",,"A",,"A",,"A"
"20164","03532181",2,0,"1",,"A",.,"A",20,"D",,"A",,"A",,"A",,"A",,"A",,"A",,"A",,"A",,"A"
"20164","03532441",9,0,"1","140","D",100,"D",.,"A",,"A",,"A",,"A",,"A",,"A",,"A",,"A",,"A",,"A"
"20164","03532471",12,0,"1","210","D",45,"D",20,"D",,"A",,"A",,"A",,"A",,"A",,"A",,"A",,"A",,"A"
"20164","03532621",4,0,"1","175","D",20,"D",.,"A",,"A",,"A",,"A",,"A",,"A",,"A",,"A",,"A",,"A"
"20164","03533011",10,0,"1","300","D",27,"D",.,"A",,"A",,"A",,"A",,"A",,"A",,"A",,"A",,"A",,"A"
"20164","03533711",2,0,"1","240","D",100,"D",.,"A",,"A",,"A",,"A",,"A",,"A",,"A",,"A",,"A",,"A"
"20164","03533781",3,0,"1",,"A",.,"A",120,"D",,"A",,"A",,"A",,"A",,"A",,"A",,"A",,"A",,"A"
"20164","03534711",8,0,"1",,"A",.,"A",30,"D",,"A",,"A",,"A",,"A",,"A",,"A",,"A",,"A",,"A"
"20164","03546021",18,0,"1",,"A",.,"A",75,"D",,"A",,"A",,"A",,"A",,"A",,"A",,"A",,"A",,"A"
"20164","03546311",8,0,"1","270","D",31,"D",.,"A",,"A",,"A",,"A",,"A",,"A",,"A",,"A",,"A",,"A"
"20164","03546531",11,0,"1",,"A",.,"A",90,"D",,"A",,"A",,"A",,"A",,"A",,"A",,"A",,"A",,"A"
"20164","03547611",12,0,"1",,"A",.,"A",80,"D",,"A",,"A",,"A",,"A",,"A",,"A",,"A",,"A",,"A"
"20164","03547931",12,0,"1",,"A",.,"A",55,"D",,"A",,"A",,"A",,"A",,"A",,"A",,"A",,"A",,"A"
"20164","03548421",2,0,"1","235","D",1700,"D",.,"A",,"A",,"A",,"A",,"A",,"A",,"A",,"A",,"A",,"A"
"20164","03549421",6,0,"1","150","D",50,"D",.,"A",,"A",,"A",,"A",,"A",,"A",,"A",,"A",,"A",,"A"
"20164","03550071",13,0,"1",,"A",.,"A",375,"D",,"A",,"A",,"A",,"A",,"A",,"A",,"A",,"A",,"A"
"20164","03551871",6,0,"1",,"A",.,"A",175,"D",,"A",,"A",,"A",,"A",,"A",,"A",,"A",,"A",,"A"
"20164","03552551",1,0,"1","300","D",150,"D",.,"A",,"A",,"A",,"A",,"A",,"A",,"A",,"A",,"A",,"A"
"20164","03552641",4,0,"1","140","D",304,"D",.,"A",,"A",,"A",,"A",,"A",,"A",,"A",,"A",,"A",,"A"
"20164","03552681",10,0,"1","190","D",25,"D",.,"A",,"A",,"A",,"A",,"A",,"A",,"A",,"A",,"A",,"A"
"20164","03553251",8,0,"1","175","D",200,"D",.,"A",,"A",,"A",,"A",,"A",,"A",,"A",,"A",,"A",,"A"
"20164","03553731",4,0,"1","190","D",30,"D",.,"A",,"A",,"A",,"A",,"A",,"A",,"A",,"A",,"A",,"A"
"20164","03554171",6,0,"1","220","D",1000,"D",.,"A",,"A",,"A",,"A",,"A",,"A",,"A",,"A",,"A",,"A"
"20164","03554861",15,0,"1",,"A",.,"A",55,"D",,"A",,"A",,"A",,"A",,"A",,"A",,"A",,"A",,"A"
"20164","03555251",2,0,"1",,"A",.,"A",207,"D",,"A",,"A",,"A",,"A",,"A",,"A",,"A",,"A",,"A"
"20164","03555331",13,0,"1","210","D",30,"D",200,"D",,"A",,"A",,"A",,"A",,"A",,"A",,"A",,"A",,"A"
"20164","03555401",15,0,"1","300","D",100,"D",.,"A",,"A",,"A",,"A",,"A",,"A",,"A",,"A",,"A",,"A"
"20164","03555591",2,0,"1",,"A",.,"A",900,"D",,"A",,"A",,"A",,"A",,"A",,"A",,"A",,"A",,"A"
"20164","03556074",4,0,"1","200","D",60,"D",.,"A",,"A",,"A",,"A",,"A",,"A",,"A",,"A",,"A",,"A"
"20164","03556331",12,0,"1","300","D",80,"D",.,"A",,"A",,"A",,"A",,"A",,"A",,"A",,"A",,"A",,"A"
"20171","03386964",12,0,"1","140","D",250,"D",.,"A",,"A",,"A",,"A",,"A",,"A",,"A",,"A",,"A",,"A"
"20171","03390984",3,2,"1","300","D",139,"E",.,"A",,"A",,"A",,"A",,"A",,"A",,"A",,"A",,"A",,"A"
"20171","03390984",3,1,"1","175","D",101,"E",.,"A",,"A",,"A",,"A",,"A",,"A",,"A",,"A",,"A",,"A"
"20171","03390984",3,0,"1","310","D",.,"H",.,"A","175","D","300","D",,"A",,"A",,"A",,"A",,"A",,"A",,"A"
"20171","03393014",22,0,"1","130","D",247,"D",.,"A",,"A",,"A",,"A",,"A",,"A",,"A",,"A",,"A",,"A"
"20171","03394804",20,0,"1",,"A",.,"A",355,"D",,"A",,"A",,"A",,"A",,"A",,"A",,"A",,"A",,"A"
"20171","03395214",17,0,"1","140","D",60,"D",.,"A",,"A",,"A",,"A",,"A",,"A",,"A",,"A",,"A",,"A"
"20171","03396444",11,0,"1","210","D",118,"D",.,"A",,"A",,"A",,"A",,"A",,"A",,"A",,"A",,"A",,"A"
"20171","03407724",2,0,"1","175","D",135,"D",.,"A",,"A",,"A",,"A",,"A",,"A",,"A",,"A",,"A",,"A"
"20171","03408854",17,0,"1",,"A",.,"A",160,"D",,"A",,"A",,"A",,"A",,"A",,"A",,"A",,"A",,"A"
"20171","03409234",8,0,"1","175","D",20,"D",.,"A",,"A",,"A",,"A",,"A",,"A",,"A",,"A",,"A",,"A"
"20171","03412784",6,0,"1",,"A",.,"A",25,"D",,"A",,"A",,"A",,"A",,"A",,"A",,"A",,"A",,"A"
"20171","03413514",2,0,"1","300","D",100,"D",.,"A",,"A",,"A",,"A",,"A",,"A",,"A",,"A",,"A",,"A"
"20171","03416044",11,0,"1",,"A",.,"A",4,"D",,"A",,"A",,"A",,"A",,"A",,"A",,"A",,"A",,"A"
"20171","03416514",2,0,"1",,"A",.,"A",50,"D",,"A",,"A",,"A",,"A",,"A",,"A",,"A",,"A",,"A"
"20171","03416624",7,0,"1","150","D",600,"D",330,"D",,"A",,"A",,"A",,"A",,"A",,"A",,"A",,"A",,"A"
"20171","03419864",2,0,"1","130","D",188,"D",.,"A",,"A",,"A",,"A",,"A",,"A",,"A",,"A",,"A",,"A"
"20171","03423634",9,0,"1","175","D",45,"D",.,"A",,"A",,"A",,"A",,"A",,"A",,"A",,"A",,"A",,"A"
"20171","03424304",10,0,"1","260","D",150,"D",.,"A",,"A",,"A",,"A",,"A",,"A",,"A",,"A",,"A",,"A"
"20171","03428224",14,0,"1","200","D",200,"D",.,"A",,"A",,"A",,"A",,"A",,"A",,"A",,"A",,"A",,"A"
"20171","03428654",9,0,"1","300","D",217,"D",.,"A",,"A",,"A",,"A",,"A",,"A",,"A",,"A",,"A",,"A"
"20171","03428854",1,0,"1","280","D",371,"F",.,"A",,"A",,"A",,"A",,"A",,"A",,"A",,"A",,"A",,"A"
"20171","03429114",12,0,"1",,"A",.,"A",150,"D",,"A",,"A",,"A",,"A",,"A",,"A",,"A",,"A",,"A"
"20171","03442363",23,0,"1","300","D",250,"D",.,"A",,"A",,"A",,"A",,"A",,"A",,"A",,"A",,"A",,"A"
"20171","03443223",10,0,"1","300","D",30,"D",.,"A",,"A",,"A",,"A",,"A",,"A",,"A",,"A",,"A",,"A"
"20171","03444203",13,0,"1","190","D",90,"D",.,"A",,"A",,"A",,"A",,"A",,"A",,"A",,"A",,"A",,"A"
"20171","03445233",2,0,"1","175","D",50,"D",.,"A",,"A",,"A",,"A",,"A",,"A",,"A",,"A",,"A",,"A"
"20171","03447403",7,0,"1",,"A",.,"A",3500,"D",,"A",,"A",,"A",,"A",,"A",,"A",,"A",,"A",,"A"
"20171","03449943",9,0,"1",,"A",.,"A",4000,"D",,"A",,"A",,"A",,"A",,"A",,"A",,"A",,"A",,"A"
"20171","03450263",5,0,"1","110","D",2560,"D",.,"A",,"A",,"A",,"A",,"A",,"A",,"A",,"A",,"A",,"A"
"20171","03460963",5,0,"1",,"A",.,"A",50,"D",,"A",,"A",,"A",,"A",,"A",,"A",,"A",,"A",,"A"
"20171","03461393",5,0,"1","300","D",42,"D",.,"A",,"A",,"A",,"A",,"A",,"A",,"A",,"A",,"A",,"A"
"20171","03463193",6,0,"1","130","D",150,"D",.,"A",,"A",,"A",,"A",,"A",,"A",,"A",,"A",,"A",,"A"
"20171","03464303",1,0,"1","260","D",500,"D",.,"A",,"A",,"A",,"A",,"A",,"A",,"A",,"A",,"A",,"A"
"20171","03464373",1,0,"1","280","D",1300,"D",.,"A",,"A",,"A",,"A",,"A",,"A",,"A",,"A",,"A",,"A"
"20171","03465083",8,0,"1",,"A",.,"A",100,"D",,"A",,"A",,"A",,"A",,"A",,"A",,"A",,"A",,"A"
"20171","03466533",2,0,"1",,"A",.,"A",10,"D",,"A",,"A",,"A",,"A",,"A",,"A",,"A",,"A",,"A"
"20171","03466733",6,0,"1","130","D",1100,"D",.,"A",,"A",,"A",,"A",,"A",,"A",,"A",,"A",,"A",,"A"
"20171","03468063",12,0,"1","300","D",300,"D",.,"A",,"A",,"A",,"A",,"A",,"A",,"A",,"A",,"A",,"A"
"20171","03468943",4,0,"1","175","D",40,"D",.,"A",,"A",,"A",,"A",,"A",,"A",,"A",,"A",,"A",,"A"
"20171","03468983",12,0,"1",,"A",.,"A",300,"D",,"A",,"A",,"A",,"A",,"A",,"A",,"A",,"A",,"A"
"20171","03469033",20,0,"1",,"A",.,"A",98,"D",,"A",,"A",,"A",,"A",,"A",,"A",,"A",,"A",,"A"
"20171","03469173",13,0,"1","175","D",90,"D",.,"A",,"A",,"A",,"A",,"A",,"A",,"A",,"A",,"A",,"A"
"20171","03469453",8,0,"1",,"A",.,"A",100,"D",,"A",,"A",,"A",,"A",,"A",,"A",,"A",,"A",,"A"
"20171","03469593",16,0,"1",,"A",.,"A",100,"D",,"A",,"A",,"A",,"A",,"A",,"A",,"A",,"A",,"A"
"20171","03470503",9,0,"1","300","D",707,"D",.,"A",,"A",,"A",,"A",,"A",,"A",,"A",,"A",,"A",,"A"
"20171","03470623",5,0,"1","130","D",1500,"D",.,"A",,"A",,"A",,"A",,"A",,"A",,"A",,"A",,"A",,"A"
"20171","03470653",12,0,"1","130","D",94,"D",.,"A",,"A",,"A",,"A",,"A",,"A",,"A",,"A",,"A",,"A"
"20171","03492873",9,0,"1","300","D",155,"D",.,"A",,"A",,"A",,"A",,"A",,"A",,"A",,"A",,"A",,"A"
"20171","03493273",5,0,"1","150","D",762,"D",.,"A",,"A",,"A",,"A",,"A",,"A",,"A",,"A",,"A",,"A"
"20171","03494673",7,0,"1","130","D",3350,"D",.,"A",,"A",,"A",,"A",,"A",,"A",,"A",,"A",,"A",,"A"
"20171","03494793",5,0,"1","130","D",150,"D",.,"A",,"A",,"A",,"A",,"A",,"A",,"A",,"A",,"A",,"A"
"20171","03494973",6,0,"1","130","D",729,"D",.,"A",,"A",,"A",,"A",,"A",,"A",,"A",,"A",,"A",,"A"
"20171","03495003",7,0,"1","175","D",196,"D",45,"D",,"A",,"A",,"A",,"A",,"A",,"A",,"A",,"A",,"A"
"20171","03495023",4,0,"1","140","D",60,"D",.,"A",,"A",,"A",,"A",,"A",,"A",,"A",,"A",,"A",,"A"
"20171","03495173",2,0,"1","110","D",2560,"F",.,"A",,"A",,"A",,"A",,"A",,"A",,"A",,"A",,"A",,"A"
"20171","03497103",26,0,"1",,"A",.,"A",2500,"D",,"A",,"A",,"A",,"A",,"A",,"A",,"A",,"A",,"A"
"20171","03498913",16,0,"1",,"A",.,"A",45,"D",,"A",,"A",,"A",,"A",,"A",,"A",,"A",,"A",,"A"
"20171","03499343",22,0,"1",,"A",.,"A",30,"D",,"A",,"A",,"A",,"A",,"A",,"A",,"A",,"A",,"A"
"20171","03500033",3,0,"1","175","D",45,"D",.,"A",,"A",,"A",,"A",,"A",,"A",,"A",,"A",,"A",,"A"
"20171","03500193",1,1,"1","280","D",1500,"E",.,"A",,"A",,"A",,"A",,"A",,"A",,"A",,"A",,"A",,"A"
"20171","03500193",1,0,"1","310","D",.,"H",.,"A","175","D","280","D",,"A",,"A",,"A",,"A",,"A",,"A",,"A"
"20171","03501113",16,0,"1","140","D",500,"D",.,"A",,"A",,"A",,"A",,"A",,"A",,"A",,"A",,"A",,"A"
"20171","03501313",4,0,"1",,"A",.,"A",250,"D",,"A",,"A",,"A",,"A",,"A",,"A",,"A",,"A",,"A"
"20171","03502623",8,0,"1",,"A",.,"A",400,"D",,"A",,"A",,"A",,"A",,"A",,"A",,"A",,"A",,"A"
"20171","03502763",4,0,"1","160","D",15,"D",.,"A",,"A",,"A",,"A",,"A",,"A",,"A",,"A",,"A",,"A"
"20171","03505812",6,0,"1",,"A",.,"A",200,"D",,"A",,"A",,"A",,"A",,"A",,"A",,"A",,"A",,"A"
"20171","03506872",5,0,"1","300","D",110,"D",.,"A",,"A",,"A",,"A",,"A",,"A",,"A",,"A",,"A",,"A"
"20171","03507352",15,0,"1","300","D",250,"D",.,"A",,"A",,"A",,"A",,"A",,"A",,"A",,"A",,"A",,"A"
"20171","03507802",7,0,"1","175","D",75,"D",.,"A",,"A",,"A",,"A",,"A",,"A",,"A",,"A",,"A",,"A"
"20171","03508332",11,0,"1","175","D",116,"D",.,"A",,"A",,"A",,"A",,"A",,"A",,"A",,"A",,"A",,"A"
"20171","03508562",11,0,"1",,"A",.,"A",200,"D",,"A",,"A",,"A",,"A",,"A",,"A",,"A",,"A",,"A"
"20171","03509192",6,0,"1",,"A",.,"A",156,"D",,"A",,"A",,"A",,"A",,"A",,"A",,"A",,"A",,"A"
"20171","03509642",10,0,"1",,"A",.,"A",50,"D",,"A",,"A",,"A",,"A",,"A",,"A",,"A",,"A",,"A"
"20171","03509912",23,0,"1","210","D",35,"D",.,"A",,"A",,"A",,"A",,"A",,"A",,"A",,"A",,"A",,"A"
"20171","03510302",9,0,"1","235","D",247,"D",.,"A",,"A",,"A",,"A",,"A",,"A",,"A",,"A",,"A",,"A"
"20171","03510502",2,0,"1","210","D",35,"D",12,"D",,"A",,"A",,"A",,"A",,"A",,"A",,"A",,"A",,"A"
"20171","03510724",9,0,"1",,"A",.,"A",60,"D",,"A",,"A",,"A",,"A",,"A",,"A",,"A",,"A",,"A"
"20171","03511782",13,0,"1",,"A",.,"A",141,"D",,"A",,"A",,"A",,"A",,"A",,"A",,"A",,"A",,"A"
"20171","03511872",2,0,"1",,"A",.,"A",80,"D",,"A",,"A",,"A",,"A",,"A",,"A",,"A",,"A",,"A"
"20171","03512282",10,0,"1",,"A",.,"A",65,"D",,"A",,"A",,"A",,"A",,"A",,"A",,"A",,"A",,"A"
"20171","03512452",6,0,"1",,"A",.,"A",27,"D",,"A",,"A",,"A",,"A",,"A",,"A",,"A",,"A",,"A"
"20171","03512532",6,0,"1",,"A",.,"A",60,"D",,"A",,"A",,"A",,"A",,"A",,"A",,"A",,"A",,"A"
"20171","03523992",7,0,"1","200","D",247,"D",.,"A",,"A",,"A",,"A",,"A",,"A",,"A",,"A",,"A",,"A"
"20171","03525822",8,0,"1","175","D",80,"D",.,"A",,"A",,"A",,"A",,"A",,"A",,"A",,"A",,"A",,"A"
"20171","03526392",3,0,"1",,"A",.,"A",150,"D",,"A",,"A",,"A",,"A",,"A",,"A",,"A",,"A",,"A"
"20171","03527212",10,0,"1","300","D",500,"D",.,"A",,"A",,"A",,"A",,"A",,"A",,"A",,"A",,"A",,"A"
"20171","03528622",6,0,"1",,"A",.,"A",115,"D",,"A",,"A",,"A",,"A",,"A",,"A",,"A",,"A",,"A"
"20171","03528992",2,0,"1","130","D",800,"D",.,"A",,"A",,"A",,"A",,"A",,"A",,"A",,"A",,"A",,"A"
"20171","03530802",4,0,"1","300","D",56,"D",.,"A",,"A",,"A",,"A",,"A",,"A",,"A",,"A",,"A",,"A"
"20171","03530912",21,0,"1",,"A",.,"A",45,"F",,"A",,"A",,"A",,"A",,"A",,"A",,"A",,"A",,"A"
"20171","03532662",4,2,"1","160","D",100,"E",.,"A",,"A",,"A",,"A",,"A",,"A",,"A",,"A",,"A",,"A"
"20171","03532662",4,1,"1","290","D",200,"E",.,"A",,"A",,"A",,"A",,"A",,"A",,"A",,"A",,"A",,"A"
"20171","03532662",4,0,"1","310","D",.,"H",.,"A","290","D","160","D",,"A",,"A",,"A",,"A",,"A",,"A",,"A"
"20171","03533342",6,2,"1","260","D",109,"E",.,"A",,"A",,"A",,"A",,"A",,"A",,"A",,"A",,"A",,"A"
"20171","03533342",6,1,"1","175","D",61,"E",.,"A",,"A",,"A",,"A",,"A",,"A",,"A",,"A",,"A",,"A"
"20171","03533342",6,0,"1","310","D",.,"H",.,"A","310","D","300","D",,"A",,"A",,"A",,"A",,"A",,"A",,"A"
"20171","03545982",1,0,"1","140","D",10,"D",.,"A",,"A",,"A",,"A",,"A",,"A",,"A",,"A",,"A",,"A"
"20171","03546742",5,0,"1",,"A",.,"A",400,"D",,"A",,"A",,"A",,"A",,"A",,"A",,"A",,"A",,"A"
"20171","03550152",10,0,"1",,"A",.,"A",35,"D",,"A",,"A",,"A",,"A",,"A",,"A",,"A",,"A",,"A"
"20171","03550202",9,0,"1","175","D",30,"D",.,"A",,"A",,"A",,"A",,"A",,"A",,"A",,"A",,"A",,"A"
"20171","03550852",11,0,"1",,"A",.,"A",1200,"D",,"A",,"A",,"A",,"A",,"A",,"A",,"A",,"A",,"A"
"20171","03553832",7,0,"1","300","D",169,"D",.,"A",,"A",,"A",,"A",,"A",,"A",,"A",,"A",,"A",,"A"
"20171","03554802",2,0,"1",,"A",.,"A",75,"D",,"A",,"A",,"A",,"A",,"A",,"A",,"A",,"A",,"A"
"20171","03555252",4,0,"1","130","D",300,"D",.,"A",,"A",,"A",,"A",,"A",,"A",,"A",,"A",,"A",,"A"
"20171","03555802",1,0,"1","200","D",70,"D",.,"A",,"A",,"A",,"A",,"A",,"A",,"A",,"A",,"A",,"A"
"20171","03568281",9,0,"1","280","D",250,"D",.,"A",,"A",,"A",,"A",,"A",,"A",,"A",,"A",,"A",,"A"
"20171","03568771",8,0,"1","300","D",100,"D",50,"D",,"A",,"A",,"A",,"A",,"A",,"A",,"A",,"A",,"A"
"20171","03569711",7,0,"1","175","D",166,"D",.,"A",,"A",,"A",,"A",,"A",,"A",,"A",,"A",,"A",,"A"
"20171","03569961",6,0,"1","130","D",1600,"D",.,"A",,"A",,"A",,"A",,"A",,"A",,"A",,"A",,"A",,"A"
"20171","03571101",11,0,"1","175","D",70,"D",.,"A",,"A",,"A",,"A",,"A",,"A",,"A",,"A",,"A",,"A"
"20171","03571541",4,0,"1","190","D",135,"D",.,"A",,"A",,"A",,"A",,"A",,"A",,"A",,"A",,"A",,"A"
"20171","03572631",4,0,"1",,"A",.,"A",30,"D",,"A",,"A",,"A",,"A",,"A",,"A",,"A",,"A",,"A"
"20171","03572771",5,0,"1",,"A",.,"A",300,"D",,"A",,"A",,"A",,"A",,"A",,"A",,"A",,"A",,"A"
"20171","03573301",9,0,"1",,"A",.,"A",15,"D",,"A",,"A",,"A",,"A",,"A",,"A",,"A",,"A",,"A"
"20171","03574001",11,0,"1",,"A",.,"A",29,"D",,"A",,"A",,"A",,"A",,"A",,"A",,"A",,"A",,"A"
"20171","03575011",8,0,"1","210","D",50,"F",.,"A",,"A",,"A",,"A",,"A",,"A",,"A",,"A",,"A",,"A"
"20171","03576421",3,0,"1","300","D",600,"D",.,"A",,"A",,"A",,"A",,"A",,"A",,"A",,"A",,"A",,"A"
"20171","03576653",13,0,"1","160","D",350,"D",.,"A",,"A",,"A",,"A",,"A",,"A",,"A",,"A",,"A",,"A"
"20171","03576861",3,0,"1","210","D",150,"D",.,"A",,"A",,"A",,"A",,"A",,"A",,"A",,"A",,"A",,"A"
"20171","03589071",6,1,"1","130","D",200,"E",.,"A",,"A",,"A",,"A",,"A",,"A",,"A",,"A",,"A",,"A"
"20171","03589071",6,0,"1","310","D",.,"H",.,"A","140","D","130","D",,"A",,"A",,"A",,"A",,"A",,"A",,"A"
"20171","03590351",10,0,"1","235","D",950,"D",.,"A",,"A",,"A",,"A",,"A",,"A",,"A",,"A",,"A",,"A"
"20171","03590431",8,0,"1",,"A",.,"A",400,"D",,"A",,"A",,"A",,"A",,"A",,"A",,"A",,"A",,"A"
"20171","03590461",4,2,"1","175","D",140,"E",.,"A",,"A",,"A",,"A",,"A",,"A",,"A",,"A",,"A",,"A"
"20171","03590461",4,1,"1","130","D",1407,"E",.,"A",,"A",,"A",,"A",,"A",,"A",,"A",,"A",,"A",,"A"
"20171","03590461",4,0,"1","310","D",.,"H",.,"A","310","D","130","D",,"A",,"A",,"A",,"A",,"A",,"A",,"A"
"20171","03590461",4,5,"1","300","D",193,"E",.,"A",,"A",,"A",,"A",,"A",,"A",,"A",,"A",,"A",,"A"
"20171","03590461",4,4,"1","235","D",1673,"E",.,"A",,"A",,"A",,"A",,"A",,"A",,"A",,"A",,"A",,"A"
"20171","03590461",4,3,"1","210","D",87,"E",.,"A",,"A",,"A",,"A",,"A",,"A",,"A",,"A",,"A",,"A"
"20171","03590661",7,0,"1",,"A",.,"A",16,"D",,"A",,"A",,"A",,"A",,"A",,"A",,"A",,"A",,"A"
"20171","03590721",5,0,"1","130","D",96,"D",.,"A",,"A",,"A",,"A",,"A",,"A",,"A",,"A",,"A",,"A"
"20171","03591121",9,0,"1","200","D",600,"D",.,"A",,"A",,"A",,"A",,"A",,"A",,"A",,"A",,"A",,"A"
"20171","03593521",1,0,"1","175","D",100,"D",.,"A",,"A",,"A",,"A",,"A",,"A",,"A",,"A",,"A",,"A"
"20171","03593641",9,0,"1","300","D",1200,"D",.,"A",,"A",,"A",,"A",,"A",,"A",,"A",,"A",,"A",,"A"
"20171","03593991",10,0,"1",,"A",.,"A",190,"D",,"A",,"A",,"A",,"A",,"A",,"A",,"A",,"A",,"A"
"20171","03595821",3,0,"1","260","D",90,"D",.,"A",,"A",,"A",,"A",,"A",,"A",,"A",,"A",,"A",,"A"
"20171","03597181",9,0,"1","235","D",150,"D",.,"A",,"A",,"A",,"A",,"A",,"A",,"A",,"A",,"A",,"A"
"20171","03597191",3,0,"1","300","D",20,"D",.,"A",,"A",,"A",,"A",,"A",,"A",,"A",,"A",,"A",,"A"
"20171","03597321",9,0,"1",,"A",.,"A",50,"D",,"A",,"A",,"A",,"A",,"A",,"A",,"A",,"A",,"A"
"20171","03597421",15,0,"1","210","D",50,"D",.,"A",,"A",,"A",,"A",,"A",,"A",,"A",,"A",,"A",,"A"
"20171","03597961",12,0,"1","210","D",50,"D",.,"A",,"A",,"A",,"A",,"A",,"A",,"A",,"A",,"A",,"A"
"20171","03599781",19,0,"1",,"A",.,"A",80,"D",,"A",,"A",,"A",,"A",,"A",,"A",,"A",,"A",,"A"
"20171","03600681",6,0,"1",,"A",.,"A",85,"D",,"A",,"A",,"A",,"A",,"A",,"A",,"A",,"A",,"A"
"20171","03601191",8,0,"1",,"A",.,"A",200,"D",,"A",,"A",,"A",,"A",,"A",,"A",,"A",,"A",,"A"
"20171","03601921",10,0,"1","175","D",165,"D",.,"A",,"A",,"A",,"A",,"A",,"A",,"A",,"A",,"A",,"A"
"20171","03603301",1,0,"1",,"A",.,"A",180,"D",,"A",,"A",,"A",,"A",,"A",,"A",,"A",,"A",,"A"
"20171","03603531",17,0,"1","300","D",20,"D",.,"A",,"A",,"A",,"A",,"A",,"A",,"A",,"A",,"A",,"A"
"20171","03604431",2,0,"1","280","D",720,"D",.,"A",,"A",,"A",,"A",,"A",,"A",,"A",,"A",,"A",,"A"
"20171","03605511",3,0,"1","235","D",1000,"D",.,"A",,"A",,"A",,"A",,"A",,"A",,"A",,"A",,"A",,"A"
"20171","03605911",4,0,"1","300","D",20,"D",.,"A",,"A",,"A",,"A",,"A",,"A",,"A",,"A",,"A",,"A"
"20171","03606381",30,0,"1","140","D",95,"D",.,"A",,"A",,"A",,"A",,"A",,"A",,"A",,"A",,"A",,"A"
"20171","03606541",10,0,"1",,"A",.,"A",60,"D",,"A",,"A",,"A",,"A",,"A",,"A",,"A",,"A",,"A"
